ss,band,site_name,island,year,zone,utm_e,utm_n,sex,age,mass,wing,tarsus,primext,billd,billw,billl,bill_sa,maxt,D1,D2,bodsize,billsc
59,2661-31775,cz151,CZ,2014,11,253582,3763747,M,SY,17.7,63.42,19.44,7.68,6.37,5.03,8.53,76.37368821,23.1,-0.56274226,1.991130196,-0.930665487,-2.486829521
60,2661-31776,cz152,CZ,2014,11,253478,3763827,M,ASY,20.5,57.92,19.51,6.91,6.26,5.24,9.24,83.45640884,23.1,-0.229014592,0.029516589,-1.409115364,5.153044033
64,2661-31780,cz155,CZ,2014,11,253590,3763713,M,ASY,19.4,60.93,19.9,7.17,6.46,5.1,9.17,83.25628939,23.1,-0.342030345,1.934667499,-0.911511137,4.373466496
66,2661-31782,cz159,CZ,2014,11,253555,3763723,M,ASY,19.2,60.47,18.74,7.78,6.55,4.88,9.05,81.24276412,23.1,0.432917148,1.009491884,-1.188280031,2.682237472
67,2661-31783,cz157,CZ,2014,11,253122,3763957,M,ASY,19.7,59.63,19.01,5.79,6.22,5.01,8.7,76.73418596,23.1,-0.669952484,2.177157192,-1.221893528,-1.787197909
68,2661-31784,cz158,CZ,2014,11,253108,3763955,M,ASY,20.9,58,19.47,7.16,6.13,5.2,8.6,76.52762625,23.1,-0.669952484,2.177157192,-1.161833864,-2.063696851
70,2661-31760,cz40,CZ,2014,11,248219,3765101,M,ASY,23.9,59.25,19.62,6.1,6.83,5.37,9.25,88.63218274,23,0.051550048,2.084034638,0.929761413,7.605205492
71,2661-31761,cz40,CZ,2014,11,248219,3765101,F,SY,19.9,55.4,20.31,7.45,6.06,4.96,8.77,75.90511966,23,0.051550048,2.084034638,-2.655055581,-0.947352859
72,2661-31762,cz42,CZ,2014,11,248262,3765096,M,SY,22.4,57.91,19.26,6.15,6.37,4.76,8.55,74.73966733,23,-0.086012604,2.049267429,-0.376718662,-4.765919214
73,2661-31763,cz41,CZ,2014,11,248203,3765120,M,SY,19.5,61.38,19.58,7.85,5.98,4.8,9.6,81.27928513,23,-1.052204411,1.805074753,-0.692916709,2.141909919
74,2661-31764,cz63,CZ,2014,11,249683,3764819,M,SY,23.2,59.1,19.04,6.17,6.17,5.28,9.31,83.72305152,23,-0.623647597,1.591767728,0.493372881,3.204246932
75,2661-31765,cz64,CZ,2014,11,249569,3764844,M,SY,21.7,62.41,19.75,4.05,5.96,5.41,9.13,81.53069109,23,-0.669952484,2.177157192,0.88224012,0.559052193
76,2661-31766,cz65,CZ,2014,11,249516,3764862,M,SY,22.1,62.04,20.31,5.99,5.88,5.15,8.69,75.28096374,23,-0.952719165,2.130674545,0.965455751,-5.787579418
77,2661-31767,cz31,CZ,2014,11,249594,3764747,M,SY,20.3,58.76,19.45,5.91,6.14,5.39,8.74,79.1463008,23,-1.17343108,2.187137242,-1.211916191,0.613298364
78,2661-31768,cz32,CZ,2014,11,249601,3764667,M,SY,23.5,59.94,19.95,6.51,6.5,5.08,9.15,83.2184332,23,-0.952719165,2.130674545,0.963214846,2.152499566
79,2661-31769,cz33,CZ,2014,11,249632,3764985,M,ASY,21.2,60.89,19.6,6.59,6.38,5,8.92,79.72545341,23,-0.952719165,2.130674545,0.055419282,-0.283356002
80,2661-31770,cz33,CZ,2014,11,249632,3764985,F,ASY,18.8,57.91,19.52,5.33,6.21,5.26,9.89,89.09423248,23,-0.952719165,2.130674545,-2.339746765,11.87458413
81,2661-31771,cz28,CZ,2014,11,249508,3765120,M,SY,20.4,58.58,19.77,6.34,5.93,4.92,9.24,78.73930747,23,-0.952719165,2.130674545,-1.223013981,0.219228364
83,2661-31773,cz30,CZ,2014,11,249423,3765057,M,ASY,20.1,60.7,18.93,6.9,6.24,4.88,9.36,81.74675412,23,0.321262062,1.547706155,-0.613667117,2.517093083
85,2661-31786,cz149,CZ,2014,11,252725,3764235,M,ASY,23,61.02,20.33,6.41,6.38,5.11,9.35,84.37650279,23.1,0.599113259,0.01533023,1.08433014,3.169530892
86,2661-31787,cz141,CZ,2014,11,252165,3764348,M,SY,19.5,60.16,19.35,7.63,6.3,5.12,8.28,74.26536538,23.1,1.064695477,1.097890805,-1.13771751,-4.354041117
87,2661-31788,cz142,CZ,2014,11,252105,3764302,M,ASY,22.3,61.95,19.47,7.63,5.91,4.93,8.94,76.11262186,23.4,-0.342030345,1.934667499,1.041699694,-5.044707058
88,2661-31789,cz130,CZ,2014,11,249705,3761962,M,ASY,21.2,61.16,19.65,6.2,6.51,4.77,9.28,82.21422311,22.9,0.359870113,0.782991762,0.153858803,2.090781278
90,2661-31791,cz144,CZ,2014,11,251379,3764513,M,SY,20.7,59.37,20.59,6.97,6.4,5.61,9.17,86.49723491,23.4,-0.33471889,2.23226462,-0.771401557,7.451254984
91,2661-31792,cz145,CZ,2014,11,251391,3764457,M,ASY,20.8,59.68,19.62,5.86,6.31,5.44,9.13,84.25555147,23.4,-0.769437729,1.8515574,-0.603849845,5.01445826
92,2661-31793,cz146,CZ,2014,11,250900,3764608,M,SY,21.7,62.76,19.09,7.54,6.24,5.55,9.11,84.357182,23.4,-0.288414004,1.646875156,1.009846908,3.236945521
93,2661-31794,cz147,CZ,2014,11,250735,3764604,M,ASY,22.4,59.9,19.82,6.31,6.29,5.75,9.83,92.95438591,23.4,0.301789205,1.827536231,0.34881707,12.60391597
95,2661-31796,cz148,CZ,2014,11,250630,3764579,M,SY,20.7,61,19.51,6.09,5.94,5.13,9.31,80.9444699,23.4,-0.288414004,1.646875156,-0.17711852,1.206449807
100,2661-31601,cz25,CZ,2014,11,250288,3764725,M,ASY,21.1,60.56,19.28,4.99,6.18,5.21,9.04,80.86899313,23.1,-0.952719165,2.130674545,-0.119424248,1.063788293
101,2661-31602,cz25,CZ,2014,11,250288,3764725,M,SY,20,58.36,17.97,6.9,6.22,5.13,8.47,75.50385974,23.1,-0.952719165,2.130674545,-1.521338195,-2.668822039
102,2661-31603,cz25,CZ,2014,11,250288,3764725,M,ASY,19.6,60,18.63,6.38,6.14,5.18,9.5,84.46171849,23.1,-0.952719165,2.130674545,-1.141523483,5.846744033
103,2661-31604,cz150,CZ,2014,11,250365,3764628,M,SY,22.6,61.37,19.44,8.38,6.55,5.45,8.6,81.05309046,23.1,-0.623647597,1.591767728,0.993822693,-0.048485887
104,2661-31605,cz34,CZ,2014,11,250162,3764746,M,ASY,22.3,60.11,19.85,8.85,5.91,4.97,9.61,82.11871869,23.1,-0.230503879,2.064737103,0.370852584,1.742588487
105,2661-31606,cz73,CZ,2014,11,245276,3766316,M,ASY,21.4,61.64,19.03,6.26,6.18,5.49,8.79,80.56559382,23.2,-0.956302215,0.00700511,0.437919514,0.111364452
106,2661-31607,cz74,CZ,2014,11,245250,3766357,M,ASY,20.2,62.74,18.98,8.15,6.45,5.63,8.6,81.5934444,23.2,-0.987470192,0.40103275,0.184626715,1.43417346
107,2661-31608,cz74,CZ,2014,11,245250,3766357,M,ASY,21,59.25,19.65,7.22,6.25,5.35,9.18,83.63547962,23.2,-0.987470192,0.40103275,-0.651566781,4.449952586
109,2661-31610,cz75,CZ,2014,11,245216,3766373,M,SY,19.8,61.57,18.43,7.93,6.01,5.25,8.38,74.10922822,23.2,-0.25109597,-0.277691581,-0.460058778,-5.299309099
111,2661-31612,cz249,CZ,2014,11,244748,3766380,M,ASY,22.1,61.45,18.34,7.17,6.51,5.61,9.54,90.81150556,23.2,null,null,0.750347167,9.993455468
112,2661-31613,cz74,CZ,2014,11,245250,3766357,M,ASY,20.6,60.49,18.69,8.11,6.23,5.61,9.37,87.13270057,23.2,-0.987470192,0.40103275,-0.417588397,7.674706666
113,2661-31614,cz76,CZ,2014,11,244875,3766362,M,ASY,21.3,59.05,19.95,6.68,6.39,5.3,9.74,89.42590612,23.2,-0.978808344,-0.814174575,-0.560899269,10.13479714
114,2661-31615,cz77,CZ,2014,11,244785,3766365,M,ASY,19.9,60.72,18.74,7.98,6.12,5.35,8.53,76.84264945,23.2,0.137583276,-0.17945785,-0.715432417,-2.268506311
115,2661-31616,cz78,CZ,2014,11,244983,3766366,M,ASY,22.8,60.45,19.2,6.9,6.5,5.66,9.58,91.49323117,23.2,3.00897441,0.334412003,0.767456255,10.65525761
118,2661-31619,cz171,CZ,2014,11,252415,3767331,M,ASY,20.6,61.58,19.23,6.24,6.07,5.63,9.21,84.63214989,23.1,2.298741574,-0.383856534,-0.020184403,4.71138066
119,2661-31620,cz172,CZ,2014,11,252437,3767539,M,ASY,20.5,63.45,19.4,8.49,6.36,5.78,9.1,86.7660767,23.1,1.598594887,0.23065463,0.607071873,6.114870102
120,2661-31621,cz173,CZ,2014,11,252307,3767258,M,ASY,21.5,61.31,18.75,8.05,6.2,5.44,8.96,81.91263021,23.1,0.065237795,0.996613178,0.372133101,1.53500885
121,2661-31622,cz174,CZ,2014,11,252346,3767442,M,SY,21.7,61.38,20.16,6.81,6.19,5.36,9,81.64213909,23.1,1.419954511,-0.069979663,0.506711576,1.107801648
122,2661-31623,cz68,CZ,2014,11,246269,3766052,M,ASY,22,63.44,19.28,7.24,6.53,5.09,8.79,80.22041133,23,2.133422488,0.628354981,1.421354341,-1.379023872
123,2661-31624,cz69,CZ,2014,11,246236,3766236,M,ASY,22.3,63.39,19.61,6.97,6.28,5.99,9.02,86.92425589,23,2.398226819,-0.058256742,1.566710475,5.155554064
126,2661-31627,cz167,CZ,2014,11,252269,3767522,M,SY,21.4,63.55,18.51,4.66,6.31,5.28,9.15,83.29029713,23.1,1.068052152,-0.509099971,1.13428798,2.025149531
127,2661-31628,cz168,CZ,2014,11,252260,3767504,M,SY,21.6,60.13,19.63,5.16,6.4,5.08,9.15,82.49979388,23.1,1.068052152,-0.509099971,-0.003555508,2.55966037
128,2661-31629,cz169,CZ,2014,11,252291,3767446,M,ASY,20.8,58.92,18.88,5.16,6.44,5.4,9.03,83.97100172,23.1,1.26825761,0.146141472,-0.880938868,5.052577544
129,2661-31630,cz90,CZ,2014,11,252300,3767315,M,ASY,21.6,62.66,20.06,6.61,6.67,5.34,9.27,87.44049811,23.1,1.622575108,0.912264631,0.918859267,6.426216366
130,2661-31631,cz88,CZ,2014,11,252189,3767148,M,ASY,21.6,62.6,17.99,5.73,6.24,5.31,8.8,79.82786933,23.1,1.594748296,-0.062059997,0.896983818,-1.160938543
131,2661-31632,cz89,CZ,2014,11,252138,3767138,M,ASY,21.5,61.64,19.65,7.33,6.66,5.55,8.96,85.92381571,23.1,0.703353127,0.0742763,0.492448072,5.406088059
132,2661-31634,cz128,CZ,2014,11,248835,3764219,M,SY,20.8,62.84,18.76,7.17,5.95,5.22,9.29,81.50021764,23.4,-0.509125919,1.703337852,0.548257147,0.917500549
133,2661-31635,cz250,CZ,2014,11,249422,3762693,M,SY,19.5,60.82,18.43,5.95,5.84,5.12,8.49,73.08161326,22.9,null,null,-0.897087569,-5.81800582
135,2661-31637,cz21,CZ,2014,11,248935,3764252,M,SY,20.7,59.05,20.22,8,6.14,4.96,8.94,77.93820135,23.4,-0.509125919,1.703337852,-0.88807062,-0.97191793
136,2661-31638,cz81,CZ,2014,11,249279,3765537,M,ASY,19.9,60.52,18.46,7.38,5.82,4.72,9.26,76.65517491,23.2,2.088059899,0.704542147,-0.788350581,-2.371067947
138,2661-31640,cz83,CZ,2014,11,249444,3765674,M,ASY,21.1,60,18.57,8.14,6.3,5.27,8.77,79.6934877,23.2,1.769030178,0.644068768,-0.323595107,0.126038994
139,2661-31641,cz84,CZ,2014,11,249580,3765689,M,SY,20,60.51,19.95,7.28,6.27,5.05,9.11,80.99434268,23.2,1.769030178,0.644068768,-0.737467931,1.908847185
140,2661-31642,cz85,CZ,2014,11,249814,3765745,M,SY,19.5,59.07,18.2,8.44,6.23,4.82,8.82,76.5456904,23.2,2.792885263,1.019441189,-1.535121504,-1.610940771
141,2661-31643,cz191,CZ,2014,11,245385,3766685,M,ASY,22.4,61.1,20,8.03,6.52,5.38,9.03,84.39653044,23.2,1.465317101,-0.146166828,0.786326055,3.53658308
144,2661-31646,cz105,CZ,2014,11,239487,3767785,M,ASY,19.9,59.46,18.4,5.93,6.17,5.11,8.51,75.39256882,22.9,0.186406803,0.939639906,-1.174816851,-3.183635647
145,2661-31647,cz91,CZ,2014,11,239221,3767873,M,ASY,21.5,60.33,19.95,4.2,6.17,4.91,9.79,85.19465206,22.9,2.031935485,0.687186588,0.014834097,5.233103929
146,2661-31648,cz92,CZ,2014,11,237759,3768023,M,ASY,23.8,62.65,18.99,7.23,6.65,5.39,9.51,89.92840387,22.9,0.894042142,-0.133587209,2.114841644,7.52140554
147,2661-31649,cz93,CZ,2014,11,234757,3768437,M,ASY,21.4,62.86,19.06,5.4,6.03,5.16,9.25,81.2946004,22.7,2.587005342,0.265046549,0.882720314,0.322402319
150,2661-31651,cz188,CZ,2014,11,234906,3768425,M,ASY,21.3,62.41,20.57,6.52,6.5,5.77,9.35,90.1044116,22.7,-0.987470192,0.40103275,0.664125887,9.386765836
151,2661-31652,cz95,CZ,2014,11,234677,3768496,M,ASY,21,63.84,19.92,5.88,6.35,5.66,8.52,80.36602415,22.7,2.130121181,0.381927016,1.021905085,-0.768254027
152,2661-31653,cz93,CZ,2014,11,234757,3768437,M,SY,17.7,56.15,19,6.35,5.59,4.91,8.84,72.90065753,22.7,2.587005342,0.265046549,-3.581240751,-2.873276146
154,2661-31655,cz189,CZ,2014,11,234841,3768509,M,ASY,21,59.69,19.45,6.51,5.89,5.13,9.28,80.31921442,22.7,-0.263557353,0.554373908,-0.49114682,0.946878998
155,2661-31656,cz189,CZ,2014,11,234841,3768509,M,ASY,19.2,58.03,18.92,6.86,6.06,5.55,9.7,88.44918497,22.7,-0.263557353,0.554373908,-2.077881633,10.92459575
156,2661-31657,cz200,CZ,2014,11,235401,3768278,M,ASY,21.4,64.87,18.61,7.61,5.95,5.33,8.24,73.00056017,22.8,-0.923338301,0.610926493,1.615547863,-8.825012595
157,2661-31658,cz201,CZ,2014,11,235486,3768232,M,ASY,22,61.59,18.1,5.9,6.08,5.26,9.6,85.50158566,22.8,-0.23852878,0.864775507,0.746861323,4.687594819
158,2661-31659,cz202,CZ,2014,11,235450,3768324,M,SY,21.3,62.82,19.62,6.62,6.05,4.92,9.11,78.49010064,22.8,-0.023039958,-0.246185332,0.813608123,-2.401616577
159,2661-31660,cz203,CZ,2014,11,235329,3768390,M,ASY,22,61.51,19.14,5.94,6.33,5.43,9.62,88.8530367,22.8,-0.799204055,1.359258085,0.717694057,8.07301102
160,2661-31661,cz204,CZ,2014,11,235301,3768437,M,ASY,21.8,59.77,19.53,6.67,6.17,5.57,9.59,88.42530886,22.8,-0.249521048,0.741220728,-0.025751087,8.51102201
161,2661-31662,cz205,CZ,2014,11,235369,3768229,M,ASY,21.4,61.89,19.7,7.51,5.89,5.22,8.69,75.82697254,22.8,1.995859836,0.593587773,0.529067219,-4.733397957
162,2661-31663,cz206,CZ,2014,11,235468,3768394,M,ASY,23.6,60.32,18.55,6.3,6.35,5.21,8.93,81.07728073,22.8,0.700872882,-0.092844173,1.156287916,-0.213485704
164,2661-31665,cz208,CZ,2014,11,235670,3768173,M,ASY,21.2,59.26,18.51,7.12,6.06,5.16,9.29,81.86503508,22.8,-0.263557353,0.554373908,-0.538863756,2.548265835
172,2661-31674,cz70,CZ,2014,11,247918,3765480,M,ASY,20.4,61.31,18.43,7.47,6.27,5.64,9.64,90.1734481,23,-0.952719165,2.130674545,-0.227681041,10.49430786
173,2661-31675,cz39,CZ,2014,11,247963,3765473,M,SY,21.7,59.93,18.5,5.72,6.03,5.37,9.43,84.43187336,23,-0.283684237,1.153747846,-0.021945114,4.51315447
174,2661-31676,cz36,CZ,2014,11,248064,3765351,M,ASY,19.8,60.56,18.83,6.92,5.82,4.88,8.8,73.95309107,23,1.824211424,1.929433604,-0.828295507,-5.026636085
175,2661-31677,cz36,CZ,2014,11,248064,3765351,M,ASY,21.6,60.59,19.58,6.96,6.67,5.68,9.32,90.4008994,23,1.824211424,1.929433604,0.164156269,10.26546621
176,2661-31678,cz37,CZ,2014,11,247918,3765473,M,ASY,20.5,64.19,19,7.84,5.67,4.67,9.79,79.50475652,23,-1.17343108,2.187137242,0.87686908,-1.460627822
177,2661-31680,cz38,CZ,2014,11,247975,3765330,M,ASY,22.1,61.7,17.91,7.25,6.09,5.28,8.72,77.86940047,23,-0.286218063,1.394025987,0.841494872,-3.054790752
179,2661-31681,cz194,CZ,2014,11,244187,3766639,M,ASY,19.4,60.96,18.72,5.54,6.09,4.97,8.75,76.00690726,23.4,-0.028809133,0.684758032,-0.900573412,-2.888652569
180,2661-31682,cz195,CZ,2014,11,244185,3766599,M,SY,21.6,57.76,19.29,6.31,6.13,5.07,9.23,81.19132054,23.4,-0.028809133,0.684758032,-0.867635752,2.25740494
181,2661-31683,cz196,CZ,2014,11,244364,3766597,M,SY,18.8,61.24,19.36,6.92,5.96,5.01,8.8,75.8191971,23.4,-0.545509796,0.603944434,-1.125659333,-2.814251095
182,2661-31684,cz80,CZ,2014,11,244541,3766539,M,SY,20.5,63.2,19.48,7.01,6.56,5.3,9.5,88.49081107,23.3,-0.070518301,-0.434209462,0.515924168,7.945745602
183,2661-31685,cz197,CZ,2014,11,244359,3766591,M,ASY,21.6,62.5,20.11,6.98,6.51,5.82,9.33,90.35134078,23.4,-0.909332391,-0.586790545,0.860524736,9.404989359
184,2661-31686,cz71,CZ,2014,11,248671,3765051,M,ASY,23.5,62.77,18.82,6.66,6.47,5.36,8.61,79.99775095,23,-0.6682669,0.271882449,1.995006867,-2.269700273
185,2661-31687,cz72,CZ,2014,11,248811,3765044,M,ASY,21,62.27,19.5,6.17,6.06,5.28,8.62,76.77329879,23,-0.617220278,1.317919019,0.449497497,-3.694413092
187,2661-31688,cz48,CZ,2014,11,248682,3764943,M,ASY,21.2,62.57,19.62,6.58,6.23,5.53,8.83,81.55637361,23,-0.863730623,1.248067041,0.66793186,0.834295806
188,2661-31689,cz49,CZ,2014,11,248744,3764937,M,ASY,19.5,59.45,18.73,6.5,6.27,5.05,9,80.01636489,23,-0.663525165,1.903308483,-1.396576993,1.698399201
189,1781-33102,cz50,CZ,2014,11,248581,3765046,M,ASY,21.2,56.38,19.93,6.12,6.5,5.57,8.64,81.90509039,23,-1.102269543,0.50924653,-1.588885318,3.81106696
191,2661-31691,cz52,CZ,2014,11,248730,3764942,M,ASY,20.9,63.22,20.37,6.93,6.24,5.05,8.75,77.58752107,23,-0.663525165,1.903308483,0.741330218,-3.220028822
192,2661-31692,cz163,CZ,2014,11,250066,3765920,M,SY,19.8,62.6,19.79,7.39,6.05,5.05,9.45,82.38434035,23,2.095345081,0.919187565,-0.084530233,2.538501576
193,2661-31693,cz162,CZ,2014,11,250208,3766043,M,SY,19.5,61.86,18.59,7.77,6.36,5.33,8.02,73.63406233,23,1.995859836,0.593587773,-0.517913116,-5.70710385
194,2661-31694,cz161,CZ,2014,11,249989,3765875,M,ASY,21.7,63.04,21.4,6.78,6.3,5.36,8.58,78.57343138,23,0.893365646,0.982426819,1.111932337,-2.665683164
195,2661-31695,cz160,CZ,2014,11,250353,3766080,M,SY,22.2,63.65,20.23,6,5.96,4.84,9.12,77.3585775,23,1.843465189,1.3696779,1.60697553,-4.457012817
197,2661-31697,cz175,CZ,2014,11,251877,3766762,M,SY,21.8,61.75,19.41,5.42,6.39,5.59,9.07,85.34026488,23.1,1.570363452,1.453985557,0.696138737,4.585340282
199,2661-31699,cz87,CZ,2014,11,251913,3766765,M,ASY,20.8,63.81,19.36,8.22,6.07,5.43,9.34,84.35961673,23.1,0.420634954,0.938564318,0.901910243,3.365072055
201,2661-31901,cz164,CZ,2014,11,252079,3767046,M,ASY,22.1,63.1,20.72,5.51,6.48,5.42,9.23,86.26577807,23.1,1.470878207,1.128385765,1.35192202,4.747196521
202,2661-31902,cz165,CZ,2014,11,252073,3766947,M,ASY,18.7,61.12,20.11,6.61,6.42,4.85,9.04,80.01699321,23.1,1.031429601,1.240805854,-1.22393879,1.497991041
203,2661-31903,cz166,CZ,2014,11,251938,3766821,M,ASY,19.6,64.59,19.82,8.47,5.92,4.96,8.9,76.05167496,23.1,1.673376014,0.849822111,0.531948382,-4.512050641
206,2661-31906,cz55,CZ,2014,11,248613,3764899,M,SY,21.6,61.6,19.1,6.93,6.41,5.13,8.83,80.03065913,23,-1.052204411,1.805074753,0.532392998,-0.533584223
207,2661-31907,cz56,CZ,2014,11,248547,3765180,M,SY,19.1,59.12,17.89,8.63,6.01,4.79,8.81,74.72906445,23,-0.535282942,0.71323756,-1.735006197,-3.194801814
208,2661-31908,cz57,CZ,2014,11,248550,3764963,M,ASY,21,62.02,19.45,7.63,6.26,5.22,8.46,76.27849795,23,0.634206702,-0.083714338,0.358349792,-4.083072802
210,2661-31909,cz43,CZ,2014,11,248565,3765176,M,SY,20,60.24,18.41,6.25,5.94,5.65,8.78,79.92227419,23,-0.363635192,-0.31092314,-0.835907453,0.951411115
211,2661-31910,cz27,CZ,2014,11,248835,3764892,M,ASY,21.3,60.63,18.64,6.71,6.07,5.03,9.39,81.86126517,23,-0.329989124,1.739137311,0.015154227,1.89934425
212,2661-31911,ro71,RO,2014,10,772022,3766430,M,ASY,23.6,62.17,20.27,7.08,6.09,5.36,9.83,88.39931218,22.4,0.893911934,-1.081427544,1.830780933,6.323101385
213,2661-31912,ro71,RO,2014,10,772022,3766430,M,ASY,20,58.92,20.17,7.36,5.94,4.58,8.88,73.37001147,22.4,0.893911934,-1.081427544,-1.317167335,-5.04042644
214,2661-31913,ro72,RO,2014,10,772174,3766403,M,ASY,20.6,60.44,19.11,7.04,5.95,4.74,9.2,77.24233857,22.4,0.454463329,-0.969007455,-0.435817938,-2.194427108
215,2661-31914,ro72,RO,2014,10,772174,3766403,M,ASY,21,61.9,19.86,7.39,6.11,5.19,9.39,83.33624292,22.4,0.454463329,-0.969007455,0.314598893,3.02561991
216,2661-31915,ro73,RO,2014,10,772096,3766489,M,ASY,22.3,60.37,19.56,6.58,6.13,5.36,9.32,84.10577604,22.4,1.28259118,-0.983193814,0.465646197,3.619259062
217,2661-31916,ro74,RO,2014,10,771947,3766347,M,ASY,21.3,60.67,19.95,4.51,5.9,4.78,9.44,79.18321452,22.4,1.046448668,-1.178419157,0.029737859,-0.795688981
218,2661-31917,ro75,RO,2014,10,772785,3765646,M,SY,19.9,60.65,18.08,7.98,5.83,5.03,8.98,76.59422801,22.3,-1.192099072,-0.633273191,-0.740953775,-2.487208235
219,2661-31918,ro76,RO,2014,10,773037,3765338,M,ASY,20.4,60.28,19.83,6.12,5.87,4.91,8.68,73.49002031,22.3,-0.182044767,-0.564279066,-0.603209586,-5.751818479
220,2661-31919,ro77,RO,2014,10,772991,3765440,M,ASY,19.8,61.1,19.85,6.13,5.84,4.65,9.3,76.62108863,22.3,-0.927761722,0.231861995,-0.631416464,-2.587903365
222,2661-31921,ro78,RO,2014,10,772925,3765521,F,SY,20.3,57.6,18.28,5.37,6.41,5.42,9.35,86.87328355,22.3,-0.845200499,-0.376896802,-1.634841543,8.832775956
223,2661-31922,ro78,RO,2014,10,772925,3765521,M,ASY,21.5,62.15,19.99,6.94,5.94,4.92,9.18,78.30011282,22.3,-0.845200499,-0.376896802,0.67838939,-2.434142736
224,2661-31923,ro89,RO,2014,10,772892,3765446,M,SY,22,61.6,19.39,6.72,6.06,5.4,9.03,81.27598646,22.3,-0.05201048,-0.940527926,0.750507231,0.457749973
225,2661-31924,ro90,RO,2014,10,772895,3765643,M,ASY,22.2,62.24,19.37,5.99,6.04,4.99,9.25,80.13221112,22.3,-0.05201048,-0.940527926,1.092902473,-1.084743225
226,2661-31925,ro14,RO,2014,10,772297,3766920,M,ASY,22.4,61.06,21.25,4.49,5.9,4.75,9.16,76.61873243,22.4,-0.911146758,-0.281967229,0.771742422,-4.224232349
227,2661-31926,ro13,RO,2014,10,772291,3766822,M,ASY,23.2,62.48,19.66,5.95,6.1,5.67,8.58,79.31469017,22.4,1.797261613,-0.579262159,1.725689854,-2.639142493
229,2661-31928,ro15,RO,2014,10,772536,3766728,F,ASY,21.5,59.74,19.15,5.09,6.09,5.17,9.59,84.80996404,22.4,-0.927761722,0.231861995,-0.200274487,5.098908976
230,2661-31929,ro15,RO,2014,10,772536,3766728,M,ASY,21.7,61.06,20.35,5.5,6.08,4.82,9.39,80.38628742,22.4,-0.927761722,0.231861995,0.390042513,-0.012189376
231,2661-31930,ro149,RO,2014,10,772564,3766588,M,SY,22.4,64.21,20.41,6.42,6.33,5.54,9.25,86.23475485,22.4,null,null,1.920203506,4.054411835
232,2661-31931,ro149,RO,2014,10,772564,3766588,M,ASY,20.7,61.76,17.76,5.93,6.15,5.49,8.8,80.44990467,22.4,null,null,0.099970503,0.389215543
233,2661-31932,ro149,RO,2014,10,772564,3766588,M,ASY,21.6,61.54,18.87,5.72,6.05,4.84,9.82,83.99032251,22.4,null,null,0.510517548,3.451553028
234,2661-31933,ro16,RO,2014,10,772479,3766645,F,ASY,19.2,58.84,19.52,5.23,5.87,4.97,8.63,73.47336987,22.4,-0.909332391,-0.586790545,-1.782563068,-4.395116612
235,2661-31934,ro16,RO,2014,10,772479,3766645,M,ASY,21.2,63.48,18.78,6.82,6.02,4.98,9.34,80.69180731,22.4,-0.909332391,-0.586790545,0.999709506,-0.416624207
236,2661-31935,ro17,RO,2014,10,772578,3766556,F,SY,22.4,58.29,18.06,7.78,6.12,5.25,9.07,80.99489246,22.4,0.891826914,-0.482731413,-0.23817415,1.327971399
237,2661-31936,ro18,RO,2014,10,772601,3766800,M,ASY,20.6,61.3,19.47,4.99,6.05,4.71,9.92,83.83277164,22.4,-0.087344338,-0.90136245,-0.122269833,4.030880475
238,2661-31937,ro91,RO,2014,10,772334,3766378,F,SY,20.5,57.72,19.22,4.42,5.9,4.8,9.42,79.16342248,22.4,-0.51727836,-0.619386494,-1.482033528,0.944970577
239,2661-31938,ro92,RO,2014,10,772298,3766478,M,SY,22.8,63.11,19.92,6.57,6.2,5.67,9.33,86.98056894,22.4,0.46521102,-0.923322658,1.737267837,5.013253763
240,2661-31939,ro91,RO,2014,10,772334,3766378,M,SY,21.8,60.06,19.46,5.78,6,5.01,9.72,84.05111233,22.4,-0.51727836,-0.619386494,0.079980251,4.01370177
241,2661-31940,ro92,RO,2014,10,772298,3766478,F,ASY,21,59.91,20.14,6.36,5.98,5,9.24,79.68272775,22.4,0.46521102,-0.923322658,-0.410936839,0.216988134
242,2661-31941,ro92,RO,2014,10,772298,3766478,F,SY,18.7,60.6,19.77,7.61,5.9,5.13,8.51,73.72163423,22.4,0.46521102,-0.923322658,-1.413526017,-4.57659439
243,2661-31942,ro93,RO,2014,10,772370,3766139,M,ASY,22,61.1,20.84,5.59,5.99,5,9.32,80.4458206,22.4,-1.127967181,-0.423379448,0.568211821,-0.160133627
244,2661-31943,ro94,RO,2014,10,772400,3766141,M,ASY,20.6,60.82,19.82,6.85,6.25,5.27,8.78,79.43956848,22.4,-1.192099072,-0.633273191,-0.297273426,-0.158531716
245,2661-31944,ro95,RO,2014,10,772234,3766431,M,ASY,22.9,61.13,18.75,5.03,5.93,5.24,9.7,85.09710561,22.4,1.482796638,-0.327952371,1.069906571,3.906929898
246,2661-31945,ro19,RO,2014,10,772275,3766549,M,SY,24.5,61.14,18.69,5.6,6.66,5.5,9.79,93.49882392,22.4,-0.087344338,-0.90136245,1.946009414,11.28843003
247,2661-31946,ro96,RO,2014,10,772542,3766226,M,ASY,21.7,60.95,19.46,5.11,5.78,4.8,9.67,80.35298654,22.4,-0.077829755,-0.731806583,0.349937523,0.001211841
248,2661-31947,cz133,CZ,2014,11,241767,3767439,M,ASY,20.3,61.64,19.27,5.22,7.23,5.59,9.48,95.45226623,23.6,-0.890664399,2.233619888,-0.161894629,15.69651798
249,2661-31948,cz132,CZ,2014,11,241866,3767330,M,ASY,20.5,59.46,19.42,5.99,5.96,5.11,9.11,79.20559836,23.6,0.026056809,-0.309527454,-0.8476455,0.248404194
250,2661-31949,cz132,CZ,2014,11,241866,3767330,M,ASY,21.1,62.07,20.04,6.73,5.96,4.59,9.13,75.6507292,23.6,0.026056809,-0.309527454,0.431107891,-4.795568061
251,2661-31950,cz131,CZ,2014,11,241780,3767465,M,ASY,21.5,58.82,19.47,6.2,6.43,5.67,9.04,85.90999271,23.6,-1.17343108,2.187137242,-0.535698041,6.589537003
252,2661-31951,cz134,CZ,2014,11,241926,3767342,M,ASY,19.6,60.66,18.4,5.73,6.23,4.87,10.23,89.18431765,23.6,0.768150741,1.064599312,-0.900893542,10.28913061
254,2661-31953,cz96,CZ,2014,11,239714,3767676,M,ASY,19.5,60.2,18.71,5.89,6.45,5.7,8.69,82.92508699,22.9,1.264774168,1.160342824,-1.123133877,4.288697912
255,2661-31954,cz97,CZ,2014,11,239971,3767553,M,SY,21.7,59.59,19.7,4.37,6.45,5.17,9.1,83.04957259,23.4,-0.008017772,-0.167886142,-0.145905993,3.275205637
256,2661-31955,cz97,CZ,2014,11,239971,3767553,M,ASY,20.4,59.87,19.68,6.05,6.12,4.6,8.4,70.72353382,23.4,-0.008017772,-0.167886142,-0.752691822,-8.344233516
257,2661-31956,cz98,CZ,2014,11,239611,3767713,M,ASY,22.3,58.46,19.57,5.58,6.6,6.02,8.89,88.11523367,22.9,2.251771749,0.209939121,-0.230722269,8.439634924
258,2661-31957,cz99,CZ,2014,11,239756,3767661,M,SY,21.5,59.46,20,5.47,6.28,5.12,9.28,83.0888425,22.9,1.445847564,0.655464118,-0.302359916,3.496665501
259,2661-31958,cz99,CZ,2014,11,239756,3767661,M,ASY,21.1,61.48,19.53,6.53,6.19,5.16,9.37,83.52670198,22.9,1.445847564,0.655464118,0.215999307,3.330897785
262,2661-31960,cz44,CZ,2014,11,248326,3765042,F,ASY,20.4,57.24,18.77,6.22,6.54,5.53,8.77,83.13745865,23,-0.329989124,1.739137311,-1.71156568,5.186296
264,2661-31962,cz62,CZ,2014,11,248376,3765103,M,ASY,22.8,62.51,20.03,6.51,6.49,5.28,9.01,83.28966881,23,-0.769437729,1.8515574,1.518513345,1.577092345
265,2661-31963,cz62,CZ,2014,11,248376,3765103,F,ASY,18.5,56.91,18.61,6.8,6.34,5.22,9.23,83.80104156,23,-0.769437729,1.8515574,-2.86792326,7.196452583
266,2661-31964,cz135,CZ,2014,11,241641,3767513,M,ASY,19.9,61.94,18.19,6.64,6.16,5.46,9.02,82.31946646,23.6,-1.052204411,1.805074753,-0.270631616,2.690341986
267,2661-31965,cz136,CZ,2014,11,241455,3767663,M,SY,20.6,59.93,18.88,6.82,5.8,4.79,8.9,74.0245623,23.5,-0.364042727,0.629650604,-0.621759256,-5.195675474
268,2661-31966,cz136,CZ,2014,11,241455,3767663,M,ASY,19.7,62.22,18.08,6.08,6.18,5.34,9.64,87.22066516,23.5,-0.364042727,0.629650604,-0.277603304,7.599659187
271,2661-31969,cz9,CZ,2014,11,253352,3765392,M,ASY,19.3,61.28,18.3,8.08,5.96,5.23,9.66,84.89792863,23.7,-0.052836344,1.707301437,-0.838432908,5.930006438
272,2661-31970,cz117,CZ,2014,11,254743,3765713,F,SY,20.2,58.2,20.43,4.87,5.85,4.73,9.46,78.6079889,23.9,-0.270868807,0.256776787,-1.470615609,0.376240878
273,2661-31971,cz117,CZ,2014,11,254743,3765713,M,SY,18.5,57.54,18.96,5.73,6.02,5.03,9.2,79.84357729,23.9,-0.270868807,0.256776787,-2.638231044,2.971512666
274,2661-31972,cz118,CZ,2014,11,254884,3765758,M,SY,19,62.39,18.59,8.02,6.44,5.28,9.22,84.8688689,23.9,-0.662227505,1.665530403,-0.597322773,5.620174941
275,2661-31973,cz10,CZ,2014,11,254977,3765824,M,SY,20.8,61.88,20.13,7.72,6.04,5.15,10.39,91.31361061,23.9,-0.253041803,1.052059995,0.19824996,11.13847546
276,2661-31974,cz10,CZ,2014,11,254977,3765824,M,SY,19.9,61.33,20.01,4.63,6.1,5.02,9.36,81.74675412,23.9,-0.253041803,1.052059995,-0.493032017,2.376614002
277,2661-31975,cz11,CZ,2014,11,254863,3765725,M,SY,21.2,60.11,18.92,4.71,6.4,5.26,9.85,90.20376446,23.9,-0.380758483,1.94979113,-0.228961558,10.52611537
278,2661-31976,cz12,CZ,2014,11,254804,3765771,M,SY,20.6,61.9,19.24,6.59,6.18,5.42,9.12,83.0888425,23.9,-0.335603026,1.660818791,0.09648466,3.032212623
281,2661-31978,cz26,CZ,2014,11,248717,3764922,M,ASY,21.7,61.1,19.86,5.49,6.07,4.91,9.76,84.1670371,23,-0.086012604,2.049267429,0.404626146,3.751577723
283,2661-31980,mi9,MI,2014,10,745292,3769513,F,SY,20.2,59.88,18.62,5.71,6.22,5.79,8.66,81.68659262,21.4,1.923150711,-0.893599897,-0.858103031,2.741576205
284,2661-31981,mi9,MI,2014,10,745292,3769513,M,SY,20.4,60.25,19.46,6.99,5.94,4.4,9.04,73.41399377,21.4,1.923150711,-0.893599897,-0.614147311,-5.815108083
285,2661-31982,mi5,MI,2014,10,745360,3769465,M,ASY,20.9,60.46,20.07,5.13,5.6,5.01,9.19,76.58095478,21.4,0.283406118,-1.133814237,-0.264940446,-3.054797039
286,2661-31983,mi8,MI,2014,10,745207,3769630,F,SY,18.4,56.29,18.11,5.92,5.82,4.89,8.81,74.10632225,21.4,0.43096166,-0.238803837,-3.148498127,-2.171538442
287,2661-31984,mi1,MI,2014,10,744532,3769691,F,SY,20,57.19,19.69,6.09,5.61,4.63,8.67,69.72827726,21.3,0.675460148,-1.166410186,-1.947909455,-7.947664031
288,2661-31985,mi1,MI,2014,10,744532,3769691,M,SY,19.6,66.06,20.22,6.18,5.41,4.45,9.12,70.62551613,21.3,0.675460148,-1.166410186,1.067896888,-10.56231931
289,2661-31986,mi2,MI,2014,10,744542,3769717,M,ASY,22.3,61.39,20.62,5.29,5.63,4.65,9.13,73.71464418,21.3,0.119229735,-1.024114883,0.837528834,-7.204928607
291,2661-31988,mi11,MI,2014,10,744738,3769835,F,ASY,18.9,58.34,18.19,5.13,5.59,4.8,8.87,72.38174496,21.4,0.495836214,-0.878562264,-2.128444154,-5.083964413
292,2661-31989,mi12,MI,2014,10,744586,3769789,M,ASY,20.3,59.9,18.48,4.29,5.42,4.92,9.21,74.79456666,21.3,0.55867834,-1.136534972,-0.796282656,-4.222439328
293,2661-31990,mi12,MI,2014,10,744586,3769789,M,ASY,22.2,59.98,19.87,5.22,5.8,4.8,9.12,75.92601125,21.3,0.55867834,-1.136534972,0.268927219,-4.331427282
294,2661-31991,mi11,MI,2014,10,744738,3769835,M,SY,20.5,60.5,20.15,7.88,6.12,5.29,9.17,82.17597422,21.4,0.495836214,-0.878562264,-0.468471047,2.777232954
295,2661-31992,mi13,MI,2014,10,744554,3769837,F,SY,20.1,56.52,19.44,5.7,5.95,4.82,9.17,77.56662948,21.3,0.319435194,-0.36887344,-2.137656746,0.111648133
296,2661-31993,mi14,MI,2014,10,744494,3769808,M,SY,23.1,61.7,19.15,4.94,5.9,5.17,8.84,76.85812179,21.3,-0.360596437,-0.77828923,1.386780456,-4.701052264
298,2661-31995,mi13,MI,2014,10,744554,3769837,M,SY,21,58.94,20.14,5.58,5.84,4.75,8.71,72.44426265,21.3,0.319435194,-0.36887344,-0.764589935,-6.609649383
299,2661-31996,mi14,MI,2014,10,744494,3769808,M,SY,20.2,61.06,19.24,6.78,5.89,5.1,8.79,75.87111192,21.3,-0.360596437,-0.77828923,-0.427885863,-3.574890627
302,2661-31998,mi7,MI,2014,10,744747,3769383,M,ASY,20,60.97,19.82,6.08,5.78,4.94,9.1,76.61716164,21.4,-0.134650192,-0.644103205,-0.569756154,-2.663633534
306,2541-49902,mi49,MI,2014,10,744368,3769968,F,SY,21.6,59.91,19.71,5.2,5.67,4.71,8.94,72.88275045,21.7,1.132344309,-1.283290653,-0.083765489,-6.963978866
307,2541-49903,mi37,MI,2014,10,744326,3769936,F,SY,20.6,60,18.6,5.06,5.71,4.85,8.93,74.06367513,21.3,1.792125257,-1.339843238,-0.596237899,-5.18628216
309,2541-49905,cz119,CZ,2014,11,255679,3765591,M,ASY,20.7,60.57,21.08,4.43,6.5,5.69,9.69,92.772095,24,-0.799204055,1.359258085,-0.333892573,13.21663765
310,2541-49906,cz119,CZ,2014,11,255679,3765591,M,SY,21.2,60.54,19.64,6.01,6.13,5.48,9.12,83.16047081,24,-0.799204055,1.359258085,-0.072187506,3.30025898
311,2541-49907,cz13,CZ,2014,11,255799,3765666,F,SY,18.5,57.01,19.29,5.11,5.92,5.23,8.98,78.63956191,24,0.965545111,0.703428507,-2.831464178,1.992516481
312,2541-49908,cz119,CZ,2014,11,255679,3765591,F,ASY,18.5,57.85,19,5.88,6.54,5.21,9.39,86.65494286,24,-0.799204055,1.359258085,-2.525207889,9.651263235
313,2541-49909,cz14,CZ,2014,11,257072,3764849,M,SY,21,61.29,20.63,6.87,6.18,5.37,8.9,80.73500421,24,0.386612261,1.594881348,0.092198493,0.683365557
314,2541-49910,cz120,CZ,2014,11,257052,3765162,M,ASY,20.9,61.58,19.83,5.76,6.51,5.57,9.76,92.59907178,24,-0.669952484,2.177157192,0.143401272,12.4878077
316,2541-49912,cz120,CZ,2014,11,257032,3765162,M,ASY,20.3,62.4,19.26,7.43,6.68,5.62,9.42,91.0009436,24,-0.669952484,2.177157192,0.115194395,10.92252631
317,2541-49913,cz120,CZ,2014,11,257032,3765162,M,SY,21.5,58.5,19.08,6.68,6.27,5.25,8.9,80.5253029,24,-0.669952484,2.177157192,-0.652367104,1.340707839
319,2541-49915,cz15,CZ,2014,11,257331,3765587,F,ASY,20.3,57.2,19.4,6.54,6.65,5.03,8.87,81.36850637,23.9,-0.335603026,1.660818791,-1.780677871,3.497824584
321,2541-49917,cz121,CZ,2014,11,257520,3765587,M,SY,20.7,61.5,20.05,5.35,6.71,5.22,9.8,91.82404088,23.9,0.065237795,0.996613178,0.00517689,11.87373853
322,2541-49918,cz1,CZ,2014,11,263359,3770450,M,ASY,22.4,65.54,19.27,5.94,6.15,5.01,8.49,74.41521934,23.5,-0.909332391,-0.586790545,2.405109297,-8.329794485
323,2541-49919,cz2,CZ,2014,11,263441,3770499,F,ASY,21.1,56.45,18.79,4.96,6.2,5.37,9.43,85.69094516,23.5,0.454463329,-0.969007455,-1.617892519,7.630700497
324,2541-49920,cz2,CZ,2014,11,263441,3770499,M,ASY,19.6,60.8,19.21,5.29,5.89,4.99,8.62,73.65903799,23.5,0.454463329,-0.969007455,-0.849850827,-5.295588083
325,2541-49921,cz3,CZ,2014,11,263151,3770287,M,ASY,20.5,61.33,18.8,5.6,6.51,5.14,8.8,80.51901971,23.5,-0.574098797,-0.531683116,-0.165860666,0.767889893
326,2541-49922,cz5,CZ,2014,11,262850,3770331,F,ASY,22.5,56.93,19.45,6.38,6.37,4.96,9.43,83.91343203,23.5,-0.574098797,-0.531683116,-0.679489108,4.760420432
327,2541-49923,cz5,CZ,2014,11,262850,3770331,M,ASY,21.8,57.85,20.46,4.8,6.23,4.96,9.63,84.63427047,23.5,-0.574098797,-0.531683116,-0.725765462,5.535147497
328,2541-49924,cz4,CZ,2014,11,263070,3770179,M,ASY,22.5,61.78,19.47,7.21,6.47,5.17,9.91,90.5975631,23.5,-0.909332391,-0.586790545,1.088776371,9.385413584
329,2541-49925,cz4,CZ,2014,11,263070,3770179,M,ASY,21,60.99,19.22,5.81,6.21,5.52,9.43,86.87595391,23.5,-0.909332391,-0.586790545,-0.017178753,6.951684613
331,2541-49927,cz7,CZ,2014,11,263799,3770449,M,SY,23.4,63.97,19.95,6.03,6.54,5.61,9.42,89.891176,23.5,-0.405751894,-0.489316891,2.377987293,7.177745637
332,2541-49928,cz8,CZ,2014,11,264014,3770456,M,ASY,22.6,62.85,19.1,6.83,6.2,5.5,9.61,88.3078133,23.4,0.300681408,-0.154190189,1.533417107,6.577881465
333,2541-49929,cz16,CZ,2014,11,258914,3765717,M,ASY,21.7,60.67,18.62,6.15,6.32,5.18,9.1,82.1919178,24.1,0.070676112,1.010357824,0.247852093,1.959021166
334,2541-49930,cz122,CZ,2014,11,258903,3765814,M,SY,23.1,59.62,20.4,6.25,6.58,5.68,9.55,91.95677317,24.1,-1.261575026,-0.860657222,0.628431549,11.28069332
335,2541-49931,cz122,CZ,2014,11,258903,3765814,F,ASY,18.7,57.18,18.53,6.07,5.89,5.02,8.81,75.49019381,24.1,-1.261575026,-0.860657222,-2.660426622,-1.356024154
336,2541-49932,cz45,CZ,2014,11,246747,3765700,F,ASY,19.1,58.08,18.58,5.37,6.4,5.42,9.18,85.22166975,23,2.733460412,-0.003149313,-2.11418065,7.739350586
337,2541-49933,cz45,CZ,2014,11,246747,3765700,M,SY,20.5,61.45,19.95,7.83,6.5,5.27,9.66,89.29835746,23,2.733460412,-0.003149313,-0.122109768,9.4962799
338,2541-49934,cz46,CZ,2014,11,246600,3765793,F,SY,19.8,54.89,19.31,6.13,5.81,4.7,9.1,75.11626575,23,-0.317072902,0.035854949,-2.895525458,-1.456180581
340,2541-49936,cz47,CZ,2014,11,247208,3765556,M,SY,22.7,61.26,20.17,5.64,6,5.27,9.49,84.00013999,23.1,0.67722172,-0.274999429,1.008246261,2.881767457
342,2541-49938,cz123,CZ,2014,11,259528,3766092,M,ASY,19.2,60.8,18.96,4.37,6.45,5.38,9.29,86.31580794,23.8,-0.317072902,0.035854949,-1.06796506,7.615175
345,2541-49941,cz214,CZ,2014,11,236447,3767846,M,SY,20.1,58.92,19.15,4.37,6.24,5.67,9.15,85.58994295,22.8,-0.906414278,1.545285081,-1.262638777,7.116006757
346,2541-49942,cz214,CZ,2014,11,236447,3767846,F,ASY,19.4,58.56,18.26,6.24,6.38,5.67,9.41,89.05669045,22.8,-0.906414278,1.545285081,-1.775591381,11.18008547
347,2541-49943,cz214,CZ,2014,11,236447,3767846,M,SY,21.4,60.79,19.46,6.41,6.08,5.2,9.22,81.68266563,22.8,-0.906414278,1.545285081,0.128017316,1.589316104
348,2541-49944,cz214,CZ,2014,11,236447,3767846,F,SY,20.9,57.14,17.94,5.47,6.05,5.46,9.48,85.69856352,22.8,-0.906414278,1.545285081,-1.47538197,7.472365905
349,2541-49945,cz215,CZ,2014,11,236746,3768039,M,SY,21.3,60.53,19.15,5.62,6.14,4.9,8.81,76.38971033,22.8,0.887082634,0.162858198,-0.021304855,-3.529754138
350,2541-49946,cz251,CZ,2014,11,236447,3767846,F,SY,18.4,57.28,20.05,7.74,5.88,4.91,9.01,76.35476011,22.8,null,null,-2.787553215,-0.343419456
351,2541-49948,cz216,CZ,2014,11,236345,3767863,M,ASY,22.7,59.66,19.07,7.42,6.27,5.19,8.57,77.1356815,22.8,0.082191791,1.107167423,0.424900949,-3.303387802
352,2541-49947,cz216,CZ,2014,11,236345,3767863,M,ASY,21.9,63.22,18.49,6.51,5.95,5,9.3,79.98102197,22.8,0.082191791,1.107167423,1.286615802,-1.461510754
353,2541-49949,cz114,CZ,2014,11,237760,3768024,M,ASY,21.4,59.21,20.18,5.67,6.17,5.27,9.07,81.49354175,22.9,0.841392226,0.106181748,-0.44803618,2.071004164
354,2541-49950,cz101,CZ,2014,11,237519,3768039,M,SY,20.9,59.94,18.29,4.26,6.12,5.71,9.17,85.2008567,22.8,-0.471698153,-0.394387318,-0.454527673,5.785878431
355,2541-49951,cz101,CZ,2014,11,237519,3768039,M,SY,23.1,62.06,19.72,6.44,6.41,5.59,9.18,86.51946168,22.8,-0.471698153,-0.394387318,1.518033151,4.807444399
357,2541-49953,cz104,CZ,2014,11,237567,3768073,M,SY,22.4,60.05,19.02,4.96,6.22,5.07,9.34,82.81913677,22.8,-0.364042727,0.629650604,0.403505693,2.404982155
358,2541-49954,cz108,CZ,2014,11,238239,3768139,M,ASY,20.4,62.17,18.98,6.35,6.31,5.42,9.61,88.53424359,22.9,-0.067682237,0.250603674,0.085867064,8.48997786
359,2541-49955,cz109,CZ,2014,11,238479,3768081,M,SY,20.2,57.65,19.13,4.28,5.82,5.02,8.45,71.94090097,22.9,-0.253041803,1.052059995,-1.67114056,-6.057336567
360,2541-49956,cz110,CZ,2014,11,238694,3768044,M,SY,21.1,58.06,20,5.17,6.03,4.87,9.13,78.16046903,22.9,-0.239700831,-0.137250852,-1.030901298,-0.583324509
361,2541-49957,cz111,CZ,2014,11,238845,3767990,M,SY,19.7,59.09,20.74,5.23,6.09,4.93,9.45,81.79057934,22.9,-1.025778169,-0.22037892,-1.418772571,3.498460312
362,2541-49958,cz112,CZ,2014,11,238308,3768105,M,SY,20.4,59.23,18.83,6.58,6.04,4.91,9,77.400989,22.9,-0.564248185,-0.025590839,-0.986029947,-1.395057044
363,2541-49959,cz102,CZ,2014,11,237158,3768005,M,SY,19.5,56.84,19.23,6.01,6.05,4.64,9.21,77.32629764,22.8,0.196754077,2.095750076,-2.348159034,0.116445347
364,2541-49960,cz102,CZ,2014,11,237158,3768005,F,SY,20,58.63,18.8,5.89,6.23,4.96,9.61,84.45849836,22.8,0.196754077,2.095750076,-1.422898673,6.171184161
365,2541-49961,cz103,CZ,2014,11,237282,3768053,M,ASY,22.3,61.87,20.29,5.98,6.15,5.25,8.64,77.3585775,22.8,-1.206104982,0.564443846,1.012532428,-3.764786256
366,2541-49962,cz217,CZ,2014,11,237119,3768053,M,ASY,21.5,59.14,19.34,6.2,6.32,5.48,8.88,82.29716115,22.8,-0.595416162,0.3684368,-0.419028979,2.840844797
367,2541-49963,cz115,CZ,2014,11,239031,3767957,M,SY,21.4,59.41,19.22,6.09,5.81,4.95,9.04,76.39599351,22.9,-0.564248185,-0.025590839,-0.375118016,-3.11145698
368,2541-49964,cz100,CZ,2014,11,239006,3767988,M,ASY,21.5,60.96,19.42,5.32,6.33,5.34,9.13,83.68189666,22.9,-0.847014867,-0.072073486,0.244526314,3.452872882
373,2541-49973,cz35,CZ,2015,11,247330,3765585,M,SY,19,62.55,18.29,7.4,5.77,4.66,9.21,75.4455832,23.1,-0.51327056,2.018254456,-0.538988242,-3.871041082
374,2541-49974,cz198,CZ,2015,11,245342,3766327,M,ASY,19,59.95,19.39,5.57,5.86,5.08,9.04,77.6739934,23.2,-0.317072902,0.035854949,-1.486924375,-0.538763132
375,2541-49975,cz79,CZ,2015,11,244829,3766610,M,SY,21.6,61.13,19.72,5.7,6.4,5.13,9.32,84.39857248,23.3,-0.067682237,0.250603674,0.361035312,4.033874451
376,2541-49976,cz79,CZ,2015,11,244829,3766610,M,SY,21.1,60.94,20.31,4.7,5.86,5.15,9.6,83.01344428,23.3,-0.067682237,0.250603674,0.019120264,3.046904926
377,2541-49977,cz199,CZ,2015,11,245103,3762916,M,SY,22.7,62.7,18.5,6.22,6.21,5.17,9.26,82.76431598,23,0.142502588,-0.675939078,1.533257042,1.034570539
378,2541-49979,cz58,CZ,2015,11,245001,3763524,M,SY,20.2,60.46,19.03,6.93,6.04,5.34,9.28,82.9430726,23,0.843142575,-0.870773724,-0.646640355,3.751808764
379,2541-49978,cz59,CZ,2015,11,244964,3763634,M,SY,22.1,61.69,18.8,6.07,6.28,5.03,9.25,82.16639236,23,2.282072807,-0.767869414,0.837848963,1.246446784
380,2541-49980,cz125,CZ,2015,11,260636,3767164,M,SY,20.5,61.17,18.7,7.65,6.23,4.99,9.65,85.03741535,23.8,-0.574098797,-0.531683116,-0.224195198,5.354215856
381,2541-49981,cz125,CZ,2015,11,260636,3767164,M,SY,20.8,61.47,19.84,6.38,6.4,5,8.4,75.20972813,23.8,-0.574098797,-0.531683116,0.048767724,-4.79133557
382,2541-49982,cz126,CZ,2015,11,260681,3767088,M,SY,20,61.52,19.77,6.23,6.08,5.04,9.25,80.78605509,23.8,-0.621068622,0.062112539,-0.369231203,1.27174943
383,2541-49983,cz127,CZ,2015,11,260364,3767277,M,SY,20.2,61.88,19.4,6.57,6.18,5.2,9.21,82.31742443,23.8,-0.574098797,-0.531683116,-0.12892139,2.523278977
384,2541-49984,cz186,CZ,2015,11,240859,3764413,M,SY,21.2,60.19,19.79,6.36,6.05,5.06,8.94,78.00841594,22.8,0.92829425,0.584161353,-0.199794293,-1.703198308
385,2541-49985,cz187,CZ,2015,11,241122,3764228,M,ASY,20.7,62.35,19.02,7.89,5.79,5.02,8.93,75.81707653,22.8,-0.232389376,0.160346269,0.315079087,-4.494105663
386,2541-49986,cz60,CZ,2015,11,244057,3763183,M,SY,21.2,61.86,18.63,5.92,5.93,5.11,8.87,76.90995807,22.9,2.314653658,-0.17710143,0.409072377,-3.510678925
387,2541-49987,cz18,CZ,2015,11,260919,3767208,M,SY,20.9,61.67,20.13,6.27,5.77,5.31,9.27,80.669502,24.3,-1.261575026,-0.860657222,0.176214446,0.520027113
388,2541-49988,cz20,CZ,2015,11,260741,3767100,M,SY,21.4,60.32,19.78,7.88,6.32,5.19,9.32,84.25217426,24.3,-0.407566261,-0.184493575,-0.043340369,4.358370058
389,2541-49989,cz19,CZ,2015,11,260389,3767097,M,SY,20.2,63.25,19.83,7.42,6.31,5.32,9.42,86.04398163,23.8,-0.776302892,-0.981538884,0.370568033,5.668182786
390,2541-49990,cz177,CZ,2015,11,234962,3769976,M,SY,20,62.18,19.68,6.76,5.91,4.97,9.21,78.70066588,22.8,-0.364042727,0.629650604,-0.128601261,-1.093852362
391,2541-49991,cz178,CZ,2015,11,234851,3769967,M,SY,20.9,63.07,18.69,6.75,5.85,5.39,9.1,80.33366574,22.8,-0.028809133,0.684758032,0.686641595,-0.410199474
392,2541-49992,cz176,CZ,2015,11,234965,3770142,M,SY,20.7,64.12,19.7,6.57,5.78,4.84,9.11,75.98585859,22.8,0.359870113,0.782991762,0.960404839,-5.076802802
393,2541-49993,cz181,CZ,2015,11,234746,3770461,M,SY,22,64.94,20.09,5.9,6.3,4.86,9.24,80.98900197,22.8,-0.229014592,0.029516589,1.968240571,-1.247280011
394,2541-49994,cz181,CZ,2015,11,234746,3770461,M,SY,20.6,64.01,18.52,6.56,6.4,5.59,8.85,83.33977722,22.8,-0.229014592,0.029516589,0.86577129,2.387316208
395,2541-49995,cz180,CZ,2015,11,234522,3770537,M,SY,22.2,64.08,19.68,7.56,5.97,5.66,9.28,84.76519634,22.9,0.701634325,1.199443072,1.763749582,2.767043279
396,2541-49996,cz179,CZ,2015,11,234661,3770621,M,SY,20.6,60.06,18.95,6.86,6.08,5.66,9.34,86.12016525,23.1,2.187545144,1.030141939,-0.57436245,6.844734089
397,2541-49997,cz106,CZ,2015,11,240913,3771248,M,SY,19.5,60.98,20.02,6.03,6.17,5.99,9.46,90.34717817,23.2,-0.909332391,-0.586790545,-0.838753038,11.37962877
398,2541-49998,cz107,CZ,2015,11,240878,3771109,M,SY,19.1,58.88,18.49,5.57,5.9,5.1,8.8,76.02654222,23.2,0.254029054,-0.545869475,-1.822507994,-1.79542856
399,2541-49999,cz140,CZ,2015,11,240863,3769051,M,SY,20.3,62.66,19.32,7.68,6.3,4.97,9.06,80.19402195,23.7,-0.00901905,0.784880012,0.209988008,0.005217889
400,2541-50000,cz139,CZ,2015,11,240929,3769154,M,SY,19.9,58.97,18.81,5.15,6.19,5.17,9.49,84.67094856,23.7,-0.643574751,-0.759067146,-1.353466353,6.302780708
401,2301-83309,cz138,CZ,2015,11,240979,3769177,M,SY,23.3,63.38,20.27,7.82,6.49,5.12,9.8,89.36103224,23.7,0.236549516,-0.364083932,2.108350151,6.961593227
402,2301-83310,cz137,CZ,2015,11,241038,3768795,F,ASY,21.6,59.9,19.55,6.06,5.64,5.12,9.85,83.24120975,23.7,-0.182044767,-0.564279066,-0.087411397,3.398726079
403,2301-83311,cz137,CZ,2015,11,241038,3768795,M,SY,19.6,59.99,19.1,6.8,6.08,5.08,10.03,87.91338634,23.7,-0.182044767,-0.564279066,-1.145169391,9.302657528
404,2301-83318,ro97,RO,2015,10,773380,3765236,M,SY,22.6,60.06,18.91,4.59,5.88,4.45,9.14,74.15431007,22.3,-0.077829755,-0.731806583,0.516208718,-6.391086757
405,2301-83312,ro131,RO,2015,10,768779,3766321,M,SY,21.6,62.49,20.48,6.61,5.86,4.54,8.8,71.87963991,22.2,-0.01437811,-1.461392657,0.856878828,-9.062465866
406,2301-83313,ro131,RO,2015,10,768779,3766321,M,SY,22.5,62.93,20.64,6.61,6.41,5.39,9.2,85.26282462,22.2,-0.01437811,-1.461392657,1.508055814,3.562425907
407,2301-83314,ro132,RO,2015,10,768602,3766771,M,SY,19.9,63.29,20.16,5.89,6,5.25,9.19,81.20035262,22.2,1.711269174,0.146651106,0.221565991,0.998066045
408,2301-83315,ro119,RO,2015,10,768649,3766708,M,SY,22.6,60.61,20.39,4.81,5.91,4.86,8.97,75.87488183,22.2,2.282072807,-0.767869414,0.71673367,-4.904025482
409,2301-83316,ro134,RO,2015,10,768576,3766851,M,ASY,21.3,60.48,19.99,5.74,5.51,4.5,9.53,74.92329342,22.1,-0.933652887,-1.103146914,-0.039534396,-4.974942822
410,2301-83317,ro133,RO,2015,10,768650,3766706,M,SY,22.2,61.65,20.42,6.87,5.25,4.92,8.63,68.93211915,22.2,1.12191515,0.369922262,0.877793889,-12.03434213
411,2301-83319,ro98,RO,2015,10,773282,3765170,F,ASY,21.4,59.6,18.37,4.31,5.97,4.9,9.42,80.4211591,22.2,-0.82212642,-0.973077311,-0.30584576,0.833041352
412,2301-83320,ro98,RO,2015,10,773282,3765170,M,SY,20.6,62.21,20.1,6.15,5.89,5.11,9.27,80.08705072,22.2,-0.82212642,-0.973077311,0.209507814,-0.101194157
413,2301-83321,ro98,RO,2015,10,773282,3765170,M,SY,20.9,59.14,19.92,4.92,6.2,5.03,9.65,85.11320627,22.2,-0.82212642,-0.973077311,-0.746200329,6.037879617
414,2301-83322,ro30,RO,2015,10,773805,3764838,M,ASY,20.8,61.78,20.85,7.71,6.46,5.5,9.31,87.45220054,22.2,-0.452721719,0.104478764,0.161790878,7.319521839
416,2301-83324,ro30,RO,2015,10,773805,3764838,M,SY,22,63.04,20.9,4.72,5.71,4.81,9.38,77.50120581,22.2,-0.452721719,0.104478764,1.275518012,-3.928403584
417,2301-83325,ro31,RO,2015,10,774004,3764761,M,ASY,19,58.63,19.53,5.87,6.04,5.13,9.78,85.7989374,22.2,-0.491459085,-0.828107837,-1.968184257,8.146606034
418,2301-83326,ro11,RO,2015,10,772191,3766979,M,SY,22.5,62.52,19.77,5.96,5.98,4.91,8.97,76.72028441,22.4,-1.261575026,-0.860657222,1.358573578,-4.806042851
419,2301-83327,ro50,RO,2015,10,775851,3764206,M,SY,21.9,62.79,19.82,6.26,6.02,5.01,9.19,79.61243461,22.3,0.646083084,-0.578465424,1.129841749,-1.647535371
420,2301-83328,ro49,RO,2015,10,775803,3763935,M,ASY,21.4,61.77,19.15,7.93,6.09,5.04,9.58,83.74339333,22.3,-0.864176933,-0.875762884,0.48531632,3.233970575
421,2301-83330,ro100,RO,2015,10,776717,3763324,M,ASY,21.6,62.75,20.75,7.42,6.03,5.08,9.21,80.36437481,22.3,-0.933652887,-1.103146914,0.951672441,-0.688117741
422,2301-83331,ro43,RO,2015,10,776967,3763156,M,ASY,22.3,62.3,19.05,5.72,5.91,4.83,9.68,81.65250634,22.3,-0.581410252,-0.829280237,1.169306481,0.34657984
423,2301-83332,ro42,RO,2015,10,777069,3763049,M,SY,22.8,61.01,19.58,6.09,6.31,5.41,9.77,89.93154546,22.3,-0.845200499,-0.376896802,0.971627114,8.855815774
425,2301-83334,ro41,RO,2015,11,222824,3763001,M,ASY,20.2,59.79,19.15,5.41,6.11,4.86,9.48,81.67795324,22.3,-0.909332391,-0.586790545,-0.890916205,2.771147632
426,2301-83335,ro22,RO,2015,10,766931,3766374,M,SY,22.1,61.73,19.4,4.62,6.25,5.43,9.37,85.95523164,22.2,0.018160691,0.090962377,0.852432596,5.018303483
427,2301-83336,ro23,RO,2015,10,766788,3766208,M,SY,22,61.69,20.12,6.48,6.25,4.91,9.47,83.00496198,22.2,-0.544973641,-1.004913184,0.783320405,2.148514687
428,2301-83337,ro24,RO,2015,10,766949,3766427,M,ASY,20.8,64.11,20.87,6.7,5.91,5.01,9.67,82.93521862,22.2,-0.800045042,-0.665869141,1.011287489,1.813304589
429,2301-83338,ro25,RO,2015,10,766814,3766248,M,ASY,22.4,63.19,19.63,6.42,6.26,5.35,9.4,85.71364316,22.2,-0.11230154,-1.069281604,1.548320869,3.966355955
430,2301-83339,ro26,RO,2015,10,766960,3766481,M,SY,21.9,62.66,19.15,5.62,5.84,4.92,9.07,76.64952004,22.2,-1.192099072,-0.633273191,1.082444942,-4.555256554
431,2301-83340,ro27,RO,2015,10,766675,3765938,F,SY,20.5,57.97,20.3,5.13,5.87,5.07,8.92,76.6429227,22.2,-0.909332391,-0.586790545,-1.390885823,-1.681670333
432,2301-83341,ro28,RO,2015,10,766924,3766562,M,SY,21.8,63.92,19.62,5.28,5.45,4.64,9.36,74.17488751,22.2,-0.475497687,-0.777529153,1.487300818,-7.501342095
433,2301-83342,ro29,RO,2015,10,766613,3765846,M,SY,20.6,61.82,19.07,5.92,5.97,5.29,9.5,84.01404154,22,-0.520653145,-0.488556814,0.067317394,3.991376825
434,2301-83343,ro12,RO,2015,10,772166,3766983,M,SY,21.9,63.1,20.69,7.28,5.89,5.21,9.39,81.86126517,22.4,-0.544973641,-1.004913184,1.242864903,0.469680188
435,2301-83344,ro9,RO,2015,10,772011,3767599,F,SY,21.7,56.49,19.2,3.81,5.96,5.08,9.85,85.40733788,22.4,0.755500789,-0.644947621,-1.276137536,6.949120936
436,2301-83345,ro9,RO,2015,10,772011,3767599,M,ASY,21.2,61.57,20.67,7.44,6.27,5.25,9.32,84.32537337,22.4,0.755500789,-0.644947621,0.303341039,4.027860085
438,2301-83347,ro10,RO,2015,10,772111,3767419,M,SY,22.5,62.63,19.05,4.5,5.98,4.94,8.88,76.15974575,22.4,-0.360596437,-0.77828923,1.398678568,-5.413283608
439,2301-83348,ro8,RO,2015,10,772061,3767716,F,SY,22.3,60.63,21.18,5.29,5.75,4.86,9.27,77.24760074,22.4,-0.800045042,-0.665869141,0.560439811,-3.349303013
440,2301-83349,ro8,RO,2015,10,772061,3767716,F,ASY,19.8,57.69,19.86,5.3,5.99,4.98,9.17,79.00704971,22.4,-0.800045042,-0.665869141,-1.874671161,1.245822725
444,2301-83353,ro4,RO,2015,10,770988,3767980,M,SY,20.7,61.3,19.43,5.06,5.69,4.89,8.77,72.87442523,22.3,-0.800045042,-0.665869141,-0.067741274,-6.990964218
446,2301-83355,ro5,RO,2015,10,771072,3767850,M,SY,23.1,61.18,21.04,5.47,6.41,5.25,9.35,85.62489317,22.3,-1.261575026,-0.860657222,1.197193229,4.286492666
447,2301-83356,ro5,RO,2015,10,771072,3767850,M,SY,23.1,59.52,19.61,5.98,5.94,4.99,9.3,79.83493791,22.3,-1.261575026,-0.860657222,0.591972467,-0.798685492
448,2301-83357,ro108,RO,2015,11,225131,3760003,M,SY,20.9,61.75,20.32,3.6,5.48,4.27,9.02,69.07184148,22.4,-0.800045042,-0.665869141,0.205381712,-11.11159857
449,2301-83358,ro48,RO,2015,11,225235,3759976,F,SY,22.8,59.77,18.78,7.33,6.04,5.07,9.59,83.68016878,22.4,-1.192099072,-0.633273191,0.519534497,3.130899098
450,2301-83359,ro48,RO,2015,11,225235,3759976,M,SY,21.5,62.82,20.82,7.07,6.2,4.84,9.09,78.81753313,22.4,-1.192099072,-0.633273191,0.92266524,-2.201180654
451,2301-83360,ro107,RO,2015,11,225328,3760826,M,SY,19.6,61.43,18.48,5.29,5.71,4.69,8.4,68.61238355,22.4,-1.261575026,-0.860657222,-0.62015861,-10.60971817
453,2301-83362,ro47,RO,2015,11,224582,3761173,M,SY,20.4,59.42,19.13,4.75,5.67,4.45,9.23,73.36215749,22.3,-0.105525036,-1.117333273,-0.916757692,-5.514555812
454,2301-83363,ro46,RO,2015,11,224465,3761375,F,ASY,22.6,60.97,20.02,6.03,5.84,5.55,9.66,86.41531788,22.3,-0.316665367,-0.904718795,0.847986365,5.483567341
455,2301-83364,ro46,RO,2015,11,224465,3761375,M,SY,21.4,62.16,20.32,7.64,5.94,4.84,9.35,79.16263708,22.3,-0.316665367,-0.904718795,0.62750674,-1.512365838
456,2301-83365,ro104,RO,2015,11,224023,3762188,M,ASY,23,63.28,19.63,6.64,6.16,5.08,9.4,82.98202835,22.3,-0.544973641,-1.004913184,1.908305393,0.815540639
457,2301-83366,ro105,RO,2015,11,223837,3762291,M,SY,21.8,61.76,19.11,4.51,5.93,4.71,9.52,79.55517909,22.3,-0.544973641,-1.004913184,0.699784646,-1.203991153
458,2301-83367,ro105,RO,2015,11,223837,3762291,M,ASY,23.8,60.75,19.44,4.14,6.26,5.85,10.45,99.39174488,22.3,-0.544973641,-1.004913184,1.422119085,17.79141914
462,2301-83370,ro20,RO,2015,10,766391,3765115,M,SY,24,61.19,20.32,5.39,6.23,4.99,9.58,84.42056363,22,0.119229735,-1.024114883,1.691596163,2.506432931
464,2301-83372,ro126,RO,2015,10,766551,3765645,F,SY,19.6,59.88,20.23,8.89,5.78,4.92,9.22,77.48267041,22,-1.192099072,-0.633273191,-1.185274382,-1.081356305
465,2301-83373,ro127,RO,2015,10,766503,3765752,M,ASY,22.7,62.79,19.21,6.2,6.08,5.31,9.01,80.60062258,22.3,-0.978808344,-0.814174575,1.566070216,-1.167333667
466,2301-83374,ro126,RO,2015,10,766551,3765645,M,ASY,22.3,62.9,19.26,5.32,5.98,4.59,9.05,75.13001021,22,-1.192099072,-0.633273191,1.388060973,-6.430655001
467,2301-83375,ro128,RO,2015,10,766599,3765515,M,SY,24.8,61.66,20.96,5.1,5.76,5.16,9.41,80.70531616,22,-0.650886205,-1.056664267,2.299182316,-1.916346129
468,2301-83376,ro129,RO,2015,10,766912,3766735,M,SY,21.1,63.24,19.32,5.71,5.89,4.61,9.49,78.26099999,22.2,-0.933652887,-1.103146914,0.857679151,-2.682037759
469,2301-83377,ro130,RO,2015,10,766738,3766891,F,SY,19.9,59.85,19.64,6.38,5.72,4.75,9.03,74.2547625,22.1,-0.650886205,-1.056664267,-1.032626431,-4.487022129
470,2301-83378,ro130,RO,2015,10,766738,3766891,F,SY,18.9,59.89,18.55,7.24,6.05,5.27,8.75,77.79368808,22.1,-0.650886205,-1.056664267,-1.563328382,-0.330096297
471,2301-83387,mi31,MI,2015,10,743528,3768986,M,SY,20,61.19,19.41,6.31,5.7,4.65,8.84,71.85921956,21.2,0.062409298,-0.936411505,-0.489546173,-7.514979808
472,2301-83388,mi32,MI,2015,10,743545,3769054,M,SY,23.1,63.82,19.48,5.87,5.72,4.41,8.22,65.39900551,21.2,0.565989795,-0.838937851,2.159712995,-17.06024533
473,2301-83380,ro44,RO,2015,10,776781,3762992,M,SY,22.2,63.36,20.84,5.72,5.96,4.83,8.28,70.1684144,22.3,-1.192099072,-0.633273191,1.501244192,-11.52405221
475,2301-83382,ro101,RO,2015,10,776432,3763116,M,SY,21.4,61.86,19.91,6,5.79,4.84,9.62,80.31528743,22.3,0.55867834,-1.136534972,0.518129494,-0.232346132
477,2301-83384,ro102,RO,2015,10,776367,3763030,M,ASY,22.4,60.88,19.8,5.19,6.05,4.84,9.48,81.08230727,22.3,-0.297144791,-1.507875303,0.706116074,0.315764104
478,2301-83385,ro103,RO,2015,10,776429,3762924,M,ASY,21.3,61.59,18.62,6.3,5.55,4.59,9.88,78.68370128,22.3,-0.800045042,-0.665869141,0.365161414,-1.685801578
479,2301-83386,ro45,RO,2015,10,776467,3762697,M,ASY,24.3,64,21.4,6.28,6.04,4.78,9.89,84.04530039,22.3,-1.192099072,-0.633273191,2.879682043,0.747648542
480,2301-83389,mi32,MI,2015,10,743545,3769054,F,SY,20.8,56.22,18.55,6.31,5.8,4.69,8.67,71.43062778,21.2,0.565989795,-0.838937851,-1.865334083,-6.341472194
481,2301-83390,mi33,MI,2015,10,743583,3769092,M,SY,21.3,60.19,19.94,5.15,5.7,4.86,8.84,73.31723271,21.2,1.043073884,-1.047589477,-0.145265734,-6.457879822
482,2301-83391,mi33,MI,2015,10,743583,3769092,F,ASY,20,57.33,19.71,4.62,5.67,4.86,8.62,71.28949173,21.2,1.043073884,-1.047589477,-1.89686674,-6.445888594
484,2301-83393,mi34,MI,2015,10,742581,3768898,M,SY,21.3,59.31,20.51,5.04,5.4,4.55,8.84,69.08205166,21.2,1.551909722,-1.110060641,-0.466105656,-10.31944409
486,2301-83395,mi35,MI,2015,10,742526,3768927,M,ASY,21.1,62.18,20.47,5.48,5.89,4.67,9.49,78.70820571,21.2,1.684718336,-0.691736788,0.471212881,-1.784793648
487,2301-83396,mi36,MI,2015,10,742310,3768936,M,SY,22.4,60.03,19.42,6.02,5.67,4.62,8.7,70.31119978,21.3,1.043073884,-1.047589477,0.396213877,-10.09446354
489,2301-83398,mi38,MI,2015,10,742108,3769029,M,SY,19.5,60.68,19.28,5.67,5.42,4.43,8.19,63.35924794,21.2,0.603625279,-0.935169388,-0.948130284,-15.48093211
493,2421-41110,mi39,MI,2015,10,741840,3768984,F,SY,20,58.28,19.08,7.02,5.96,4.97,8.73,74.94182881,21.2,0.931547418,-1.17765908,-1.55050546,-3.196887807
495,2421-41112,mi50,MI,2015,10,741720,3768956,M,SY,20.7,60.03,20.26,4.62,5.87,4.47,8.65,70.24679713,21.2,0.213930164,-1.361198267,-0.530771616,-9.079395379
496,2421-41113,mi50,MI,2015,10,741720,3768956,M,SY,20.7,60.44,20.2,6.66,5.63,4.84,8.79,72.281214,21.2,0.213930164,-1.361198267,-0.38128938,-7.219049962
497,2421-41114,mi51,MI,2015,10,741799,3768806,M,SY,22.1,59.81,21.56,6.97,5.72,4.57,8.82,71.28100943,21.3,0.618639711,-1.078706808,0.152418221,-8.84075485
500,2421-41117,mi57,MI,2015,10,741026,3769280,M,SY,19.4,58.04,19.87,3.72,5.7,4.95,8.87,74.1930302,21.2,-1.261575026,-0.860657222,-1.965178608,-3.462801233
501,2421-41118,mi58,MI,2015,10,740916,3769230,M,SY,22.3,62.15,20.68,5.68,5.77,4.93,8.71,73.19675263,21.2,-1.482286941,-0.804194525,1.114617858,-8.045489192
502,2421-41119,mi59,MI,2015,10,740818,3769285,M,SY,22.7,62.14,20.21,7.35,5.82,4.68,8.94,73.7253256,21.2,-1.261575026,-0.860657222,1.329086183,-7.76666371
503,2421-41120,mi60,MI,2015,10,739793,3769208,M,SY,21.3,60.87,19.02,5.97,5.68,4.54,8.7,69.8328923,21.3,-0.087344338,-0.90136245,0.102656024,-10.2309241
504,2421-41121,mi60,MI,2015,10,739793,3769208,F,SY,21.5,55.38,19.24,3.79,5.63,4.84,9.56,78.61301545,21.3,-0.087344338,-0.90136245,-1.789890463,0.753061689
505,2421-41123,mi61,MI,2015,10,739663,3769269,M,SY,21.5,59.19,20.86,5.24,5.9,5.05,9.12,78.43300219,21.3,-1.261575026,-0.860657222,-0.400799438,-1.044542389
506,2421-41124,mi61,MI,2015,10,739663,3769269,M,SY,22.3,60.42,20.31,4.07,5.46,5.15,9.06,75.49765509,21.3,-1.261575026,-0.860657222,0.483875738,-5.010090114
507,2421-41125,mi62,MI,2015,10,739436,3769276,M,SY,23.6,61.77,19.59,5.62,5.63,5.08,8.62,72.50811552,21.3,1.159855692,-1.077464691,1.684944605,-9.398269467
508,2421-41126,mi62,MI,2015,10,739436,3769276,M,SY,21.4,61.78,20.72,4.83,5.95,5.05,9.25,79.91426313,21.3,1.159855692,-1.077464691,0.488962228,-0.59940527
509,2421-41127,mi62,MI,2015,10,739436,3769276,M,ASY,22.5,59.81,20.45,5.67,5.93,4.96,8.82,75.43733651,21.3,1.159855692,-1.077464691,0.370532455,-4.938420903
511,2421-41129,mi63,MI,2015,10,739281,3769469,M,SY,20.7,61.06,19.57,4.74,5.85,4.78,9.34,77.97762833,21.3,1.03576243,-1.345186598,-0.155243071,-1.785865634
512,2421-41130,mi64,MI,2015,10,739193,3769948,F,ASY,19.8,57.56,19.86,5.3,6,4.86,9.27,79.06776099,21.3,-1.192099072,-0.633273191,-1.922067968,1.361727393
515,2421-41133,mi65,MI,2015,10,738769,3769970,M,ASY,22.4,58.54,19.98,4.05,5.63,4.62,8.82,71.00392096,21.3,0.214946033,-1.033403118,-0.147026445,-8.769141231
516,2421-41134,mi65,MI,2015,10,738769,3769970,M,ASY,21.2,60.21,19.35,5.06,5.65,4.75,9.32,76.12707318,21.3,0.214946033,-1.033403118,-0.192502476,-3.593032359
517,2421-41122,mi61,MI,2015,10,739663,3769269,M,ASY,22,62.1,20.16,5.82,5.65,4.74,9.13,74.50341956,21.3,-1.261575026,-0.860657222,0.932802641,-6.527099186
518,2421-41135,mi22,MI,2015,10,744959,3768961,M,SY,22.8,61.86,20.13,5.91,5.79,4.92,8.9,74.86336754,21.4,1.049783086,-0.674531857,1.281529312,-6.573241988
519,2421-41136,mi23,MI,2015,10,745061,3768930,M,ASY,21.7,61.6,19.61,5.37,5.65,5.03,9.8,82.20291337,21.4,0.476117117,-0.527776176,0.586921556,1.575171733
520,2421-41137,mi23,MI,2015,10,745061,3768930,F,SY,19.1,58.44,19.34,7.66,5.78,4.68,8.84,72.62294074,21.4,0.476117117,-0.527776176,-1.982927955,-5.012221651
521,2421-41138,mi24,MI,2015,10,745327,3768862,M,SY,21.6,58.92,20.1,6.47,5.77,4.74,9.05,74.70353901,21.4,-0.539359739,-0.926594664,-0.444710401,-4.722871432
522,2421-41139,mi24,MI,2015,10,745327,3768862,M,ASY,22.7,61.58,19.11,5.71,5.99,4.65,9.6,80.22371,21.4,-0.539359739,-0.926594664,1.124915324,-1.030523179
528,2421-41145,mi67,MI,2015,10,738423,3769521,F,SY,20.9,61.42,18.98,6.86,5.34,4.99,8.31,67.42038476,21.4,2.077637385,0.0755259,0.085066741,-12.622949
530,2421-41147,mi68,MI,2015,10,738117,3769313,M,SY,22.2,60.8,19.94,7.55,5.66,4.91,9.32,77.37145803,21.4,2.070932476,-0.555254936,0.567891692,-3.234123408
531,2421-41148,mi68,MI,2015,10,738117,3769313,M,SY,21.2,57.41,18.54,4.69,5.86,5.01,9.14,78.03072125,21.4,2.070932476,-0.555254936,-1.213356773,-0.500603635
533,2421-41150,mi27,MI,2015,10,745710,3768537,M,SY,22.2,58.17,19.58,3.5,5.49,4.63,9.05,71.93147619,21.4,-1.192099072,-0.633273191,-0.390982166,-7.557500562
534,2421-41151,mi26,MI,2015,10,745666,3768556,F,SY,19.8,56.45,19.07,4.95,5.37,4.59,8.84,69.15148085,21.4,-0.752650467,-0.74569328,-2.326763778,-8.083286131
535,2421-41152,mi26,MI,2015,10,745666,3768556,M,SY,21.5,59.38,20.47,6.21,5.57,4.44,9.32,73.27230794,21.4,-0.752650467,-0.74569328,-0.331527182,-6.285903898
536,2421-41153,mi28,MI,2015,10,745949,3768399,F,SY,21.4,56.71,18.88,4.58,5.09,4.5,8.77,66.05536275,21.4,-1.192099072,-0.633273191,-1.359513231,-12.30576354
537,2421-41154,mi29,MI,2015,10,746254,3768318,M,SY,22.2,57.23,18.4,3.74,5.58,4.59,8.71,69.57111909,21.5,-1.412810987,-0.576810495,-0.733697537,-9.518767014
538,2421-41156,mi30,MI,2015,10,746539,3768298,M,SY,24.4,60.06,20.57,6.37,5.47,4.64,8.95,71.06636012,21.5,-1.192099072,-0.633273191,1.49772277,-10.62200581
540,2421-41158,mi16,MI,2015,10,746619,3768758,F,ASY,18.7,56.6,18.53,6,5.78,4.73,8.84,72.97008672,21.5,-0.933652887,-1.103146914,-2.871889298,-3.629883823
541,2421-41159,mi17,MI,2015,10,746691,3768790,M,SY,20.4,59.94,20.44,5.97,5.44,4.56,9.08,71.31415324,21.5,-0.574098797,-0.531683116,-0.727170465,-7.783333612
542,null,mi16,MI,2015,10,746619,3768758,M,SY,19.8,58.39,19.49,4.81,6.06,5.2,9.66,85.42901487,21.5,-0.933652887,-1.103146914,-1.619457587,7.370592722
544,2421-41161,mi19,MI,2015,10,747024,3768856,F,ASY,20,58.52,19.14,6.18,5.79,4.45,9.19,73.91036541,21.6,0.239157511,-0.106440355,-1.463003664,-4.330246692
545,2421-41162,mi20,MI,2015,10,747014,3768909,M,ASY,23.7,63.05,19.99,6.74,5.85,5.03,9.21,78.70066588,21.6,-0.077829755,-0.731806583,2.206149414,-3.812659975
546,2421-41163,mi21,MI,2015,10,747234,3768985,M,ASY,21.5,59.9,19.92,5.59,5.74,4.91,8.78,73.44022606,21.6,1.097263006,-1.149152309,-0.141939955,-6.338759328
547,null,mi40,MI,2015,10,744205,3770096,M,SY,21.6,61.29,20.04,5.93,5.36,4.75,8.9,70.66934134,21.7,2.433769709,-0.983990549,0.419369843,-9.763287012
548,null,mi40,MI,2015,10,744205,3770096,F,SY,19.8,59.01,18.71,6.73,5.89,5.06,9.04,77.7449934,21.7,2.433769709,-0.983990549,-1.393411278,-0.57665875
552,null,mi52,MI,2015,10,741736,3769172,F,ASY,20.6,56.16,19.8,5.76,5.78,4.57,8.65,70.31473407,21.2,1.246553335,0.283133589,-1.996266649,-7.304895466
554,null,mi53,MI,2015,10,741764,3769256,M,SY,19.8,59.28,18.38,4.24,5.68,4.83,9.13,75.36390179,21.2,0.647764868,-1.551936876,-1.294971757,-3.07238278
555,null,mi54,MI,2015,10,741614,3769517,M,ASY,23.8,60.86,19.77,5.79,6.03,5.02,9.01,78.19463385,21.2,-0.247189413,-0.677334764,1.462224076,-3.452393991
556,null,mi54,MI,2015,10,741614,3769517,M,ASY,22.1,62.21,20.11,5.79,5.79,4.86,8.78,73.44022606,21.2,-0.247189413,-0.677334764,1.02743619,-7.700493066
558,null,mi55,MI,2015,10,741473,3769661,M,SY,22.1,63.08,20,7.46,5.92,5.08,9.04,78.09999337,21.2,0.203060921,-1.279571969,1.344630204,-3.410096888
560,null,mi56,MI,2015,10,741362,3769875,M,SY,21.7,60.54,19.73,5.38,5.79,4.79,9.15,76.03204,21.3,2.260918822,-0.203591246,0.200455286,-4.145663246
563,null,mi43,MI,2015,10,743598,3770532,M,SY,20.4,59.64,19.43,5.41,5.79,5.14,8.71,74.77014077,21.4,1.435127914,-1.080185426,-0.836547711,-4.199976727
564,null,mi43,MI,2015,10,743598,3770532,M,ASY,22,60.18,19.68,5.88,5.81,4.57,9.18,74.83933435,21.4,1.435127914,-1.080185426,0.232788266,-5.376020519
565,null,mi44,MI,2015,10,743131,3770885,M,SY,21.7,59.79,19.98,5.25,5.45,4.66,9.31,73.92489527,21.6,0.583498395,-0.33579545,-0.072987829,-5.934384587
567,null,mi45,MI,2015,10,742968,3771158,F,SY,17.9,56.51,18.58,6.7,5.21,4.92,8.4,66.83110052,21.4,1.406896479,0.143145501,-3.340930939,-9.22267295
568,null,mi46,MI,2015,10,742976,3771303,M,SY,21.3,58.54,19.55,4.41,5.24,4.82,8.42,66.52730851,21.4,2.101190847,0.259229233,-0.746840588,-12.54727256
569,null,mi47,MI,2015,10,742864,3771332,F,SY,18.3,56.26,19.09,5.7,5.66,4.98,9.11,76.12895814,21.4,1.903519906,0.238889013,-3.21396441,-0.072667333
571,null,mi48,MI,2015,10,742790,3771466,M,SY,22.3,62.21,19.91,5.3,5.68,4.69,9.07,73.87133112,21.4,1.940074733,0.040758691,1.136493307,-7.396384573
573,null,ro56,RO,2015,10,744460,3769600,F,ASY,21.7,57.23,19.26,6.33,5.83,4.9,9.39,79.13255633,21.3,-1.261575026,-0.860657222,-1.006340329,0.360161642
574,null,ro55,RO,2015,10,759231,3765464,M,SY,21.5,61.47,20.44,4.9,6,5.05,9.42,81.75288023,21.8,-1.261575026,-0.860657222,0.430467633,1.307328547
577,null,ro57,RO,2015,10,759664,3765241,F,ASY,20,59.16,20.17,3.35,5.56,4.66,8.83,70.8763723,21.8,-0.539359739,-0.926594664,-1.229665539,-7.635961094
578,null,ro57,RO,2015,10,759664,3765241,M,ASY,22.4,62.8,20.45,6.39,6,5.25,9.31,82.26064014,21.8,-0.539359739,-0.926594664,1.406130449,0.678933097
579,null,ro58,RO,2015,10,759775,3764977,M,SY,21.6,59.41,19.83,5.13,5.67,4.92,8.6,71.52935233,21.8,-1.261575026,-0.860657222,-0.266060899,-8.105094726
581,null,ro60,RO,2015,10,760322,3764969,M,ASY,21.8,61.03,20.17,4.75,6.16,4.81,9.48,81.67795324,21.9,-0.509966906,-0.321789373,0.433633347,1.228715096
582,null,ro61,RO,2015,10,760488,3764187,F,SY,24.4,58.46,19.49,5.38,5.82,4.97,9.43,79.91402751,21.9,-1.261575026,-0.860657222,0.914377457,-1.095035185
584,null,ro109,RO,2015,10,769821,3761757,F,SY,19.3,58.43,19.38,5.05,5.7,5.42,8.36,73.01312654,21.9,-1.261575026,-0.860657222,-1.877516746,-4.744786772
585,null,ro110,RO,2015,10,769764,3761765,M,SY,21.9,59.22,20.17,4.86,5.9,4.87,8.72,73.76019728,21.9,-0.635868659,-0.775568494,-0.17174748,-5.984077368
586,null,ro110,RO,2015,10,769764,3761765,F,SY,19.6,58.09,19.92,5.68,5.66,4.96,8.65,72.14903148,21.9,-0.635868659,-0.775568494,-1.83789195,-5.655024746
590,null,ro33,RO,2015,10,770086,3761901,M,ASY,21.9,61.93,20.27,6.7,5.9,5.37,8.93,79.0433351,21.9,-0.909332391,-0.586790545,0.816293644,-1.851509395
591,null,ro34,RO,2015,10,770248,3761924,M,ASY,24.6,61.17,20.39,5.4,6.3,5.21,9.81,88.68174136,21.9,-0.800045042,-0.665869141,2.011475697,6.395112252
592,null,ro34,RO,2015,10,770248,3761924,M,SY,21,62.21,19.75,7.4,5.85,5.06,9.76,83.63045308,21.9,-0.800045042,-0.665869141,0.427622048,3.188215069
593,null,ro112,RO,2015,10,770378,3763145,F,ASY,22.1,58.24,19.34,6.24,6.16,4.95,9.24,80.62614802,22,-1.261575026,-0.860657222,-0.419989367,1.170950035
594,null,ro112,RO,2015,10,770378,3763145,M,SY,22.1,60.36,20.02,5.66,5.68,5.25,8.81,75.62858097,22,-1.261575026,-0.860657222,0.352943172,-4.726693796
596,null,ro79,RO,2015,10,761321,3765560,F,SY,18.7,58.43,19.09,5.19,5.55,5.24,9.15,77.54118257,21.9,-0.864176933,-0.875762884,-2.204688097,0.164258957
598,null,ro79,RO,2015,10,761321,3765560,M,ASY,21,61.58,19.41,7.38,5.91,4.7,9.05,75.41432435,21.9,-0.864176933,-0.875762884,0.197929831,-4.760438013
600,null,ro81,RO,2015,10,760979,3765958,M,SY,22.1,56.88,20.41,3.99,5.85,5.1,8.8,75.68096702,21.9,-0.272824295,-0.991518934,-0.915832882,-3.196823219
602,null,ro81,RO,2015,10,760979,3765958,M,SY,19.6,58.7,18.48,5.83,5.51,4.77,9.14,73.79538311,21.9,-0.272824295,-0.991518934,-1.615491549,-4.267657472
603,null,ro82,RO,2015,10,760926,3765980,M,SY,21.3,59.63,20.48,5.85,6.05,5.23,9.6,85.04919632,21.9,-0.208692404,-0.781625191,-0.349436594,5.511839919
604,null,ro82,RO,2015,10,760926,3765980,M,SY,22.8,60.85,20.02,6.07,5.6,4.66,9.19,74.05472159,21.9,-0.208692404,-0.781625191,0.913292583,-6.953077773
605,null,ro83,RO,2015,10,760492,3766221,M,SY,23.8,59.62,20.55,5.85,6,4.73,8.78,73.99188973,22,-0.491459085,-0.828107837,1.010131458,-7.128678107
606,null,ro113,RO,2015,10,767441,3755492,M,SY,23.4,61.97,20.1,6.77,5.68,4.78,8.76,71.96571955,21.9,0.021306305,-0.632003831,1.648805652,-9.898581774
608,null,ro114,RO,2015,10,768111,3756137,M,ASY,20.9,59.89,20.04,5.84,5.66,5.22,9.01,76.99163948,21.8,-0.537784817,0.092317645,-0.472757214,-2.402110563
611,null,ro115,RO,2015,10,768118,3755865,F,SY,20,57.64,19.28,6.03,5.75,4.99,8.59,72.4581642,21.8,-0.581410252,-0.829280237,-1.783843585,-5.408831125
612,null,ro115,RO,2015,10,768118,3755865,M,SY,23.6,58.98,18.81,3.16,5.98,4.8,9.12,77.21532088,21.8,-0.581410252,-0.829280237,0.667736217,-3.506529098
616,null,ro62,RO,2015,10,766728,3762211,M,SY,23.5,63,21.47,6.18,6.01,5.01,9.64,83.43504601,21.8,-1.192099072,-0.633273191,2.078862756,1.069944948
617,null,ro63,RO,2015,10,766423,3762324,M,SY,22,59.96,20.01,4.68,5.58,4.98,8.67,71.90728593,21.8,-0.978808344,-0.814174575,0.152578286,-8.214664745
618,null,ro63,RO,2015,10,766423,3762324,M,ASY,22.4,60.43,20.24,5.79,5.95,5.59,9.34,84.65304148,21.8,-0.978808344,-0.814174575,0.542050205,4.077552348
619,null,ro64,RO,2015,10,765797,3762768,M,ASY,21.4,59.53,20.44,4.17,5.72,5.2,9.92,85.07935561,21.9,-0.581410252,-0.829280237,-0.331367117,5.520957378
621,null,ro66,RO,2015,10,765996,3762644,M,ASY,22.7,62.25,20.83,5.71,5.87,4.73,9.14,76.09251566,21.9,-0.650886205,-1.056664267,1.369191173,-5.446175747
622,null,ro67,RO,2015,10,765828,3762916,M,ASY,23.9,64.06,20.35,5.03,6.51,5.1,9.14,83.34284027,21.9,0.246717599,-0.843466596,2.683443259,0.273707684
624,null,ro68,RO,2015,10,765361,3763078,M,ASY,22.5,60.65,20.05,4.43,6.02,5.15,9.31,81.67567559,21.9,-0.643574751,-0.759067146,0.676788744,0.94328398
628,null,ro88,RO,2015,10,761687,3763481,M,SY,24.3,61.04,19.71,5.96,5.91,5.51,9.25,82.96553499,21.8,-0.51727836,-0.619386494,1.800493215,0.924594119
632,null,ro52,RO,2015,10,761476,3763706,M,ASY,22.2,62.32,20.59,5.05,5.74,5.09,8.87,75.44699691,21.8,-0.800045042,-0.665869141,1.122069739,-5.803922597
633,null,ro53,RO,2015,10,761460,3763965,M,ASY,22.2,58.32,20.5,4.75,6.07,4.57,9.51,79.47161272,21.8,0.206634479,-0.466045335,-0.336293543,-0.08104871
634,null,ro54,RO,2015,10,761458,3764145,F,SY,19.4,58.33,19.67,6.54,5.61,4.74,8.75,71.12762117,21.8,-0.864176933,-0.875762884,-1.85944727,-6.651333974
635,null,ro54,RO,2015,10,761458,3764145,M,ASY,23.2,61.81,19.88,6.08,5.65,4.58,8.77,70.46364557,21.8,-0.864176933,-0.875762884,1.481414004,-11.20572886
642,null,ro86,RO,2015,10,763148,3763904,M,ASY,23,62.04,20.33,6.06,5.77,5.54,9.03,80.21216465,21.8,0.44377709,-1.135774896,1.456212776,-1.427863058
643,null,ro37,RO,2015,10,771665,3757206,M,SY,23,60.5,20.74,5.84,6.1,5.26,9.75,86.99070058,21.9,-0.599839583,-0.010627698,0.894742913,6.004502232
644,null,ro37,RO,2015,10,771665,3757206,M,ASY,20.7,62.05,19.45,5.06,5.63,4.92,8.58,71.09345635,21.9,-0.599839583,-0.010627698,0.205701841,-9.090356488
645,null,ro38,RO,2015,10,771638,3756818,F,ASY,20.7,56.52,18.71,6.05,5.42,5.11,8.59,71.04138445,21.9,-0.599839583,-0.010627698,-1.810485395,-6.794586596
656,null,ro145,RO,2015,10,773536,3763129,M,SY,20.9,59.44,19.03,5.37,5.85,4.93,9.55,80.85595552,22.1,-0.864176933,-0.875762884,-0.636823083,1.653259511
658,null,ro147,RO,2015,10,773961,3763289,M,SY,21.6,58.81,19.46,3.73,6.16,4.86,9.78,84.6467583,22.1,0.396623019,-0.954317663,-0.484815391,5.267049955
660,null,ro148,RO,2015,10,774079,3763495,M,SY,22.8,61.5,20.05,7.09,6.22,5.15,9.5,84.83478262,22.2,0.211779768,-1.392911362,1.150276616,3.551016319
663,null,ro1,RO,2015,10,764123,3764557,F,SY,20.3,55.67,18.2,5.66,5.72,4.6,8.8,71.32671961,22,-0.933652887,-1.103146914,-2.338501826,-5.894378462
664,null,ro2,RO,2015,10,764096,3764557,M,ASY,22.8,59.84,20.25,6.06,6.26,4.92,9.65,84.73425165,22,-0.650886205,-1.056664267,0.545055855,4.155262451
667,null,ro3,RO,2015,10,763951,3763848,F,SY,21.7,56.92,18.34,5.28,5.5,4.98,9.17,75.47802014,21.9,-0.802122167,-0.772817541,-1.119363483,-3.162759547
672,null,ro116,RO,2015,10,771666,3760965,M,SY,21.4,61.94,18.97,5.91,6.37,4.99,8.98,80.12066576,22,-0.272824295,-0.991518934,0.54729676,-0.460932963
673,null,ro117,RO,2015,10,771481,3760878,F,SY,21.4,57.17,19.66,5.69,5.71,5.14,9.17,78.14279757,22,1.28704729,-1.162092552,-1.191801453,-0.413628397
674,null,ro117,RO,2015,10,771481,3760878,M,ASY,22.4,61.35,19.88,6.08,6.03,4.74,9,76.12864398,22,1.28704729,-1.162092552,0.87747376,-4.83744451
677,null,ro118,RO,2015,10,772011,3759421,M,ASY,22,61.07,20.78,5.8,6.1,5.23,9.91,88.18474141,22,0.375047719,-1.083214867,0.557274096,7.591524119
678,null,ro143,RO,2015,10,766563,3757490,M,SY,22.7,60.7,20.53,5.41,6.05,4.93,9.81,84.59822069,21.6,-0.254895505,-0.660833416,0.804075402,3.717604288
679,null,ro143,RO,2015,10,766563,3757490,M,ASY,21.9,61.42,20.18,5.87,5.86,4.96,9.18,78.01171461,21.6,-0.254895505,-0.660833416,0.630352325,-2.66660198
681,null,ro142,RO,2015,10,767643,3757759,M,ASY,24.8,62.72,20.45,5.58,6.2,5.1,9.54,84.66749281,21.8,-0.013631527,-1.181448597,2.685648585,1.595792131
682,null,ro142,RO,2015,10,767643,3757759,F,SY,20.6,58.51,19,7.21,5.47,4.83,8.79,71.10759352,21.8,-0.013631527,-1.181448597,-1.139478221,-7.509762636
684,null,cz220,CZ,2015,11,264027,3768973,M,ASY,21.4,59.39,19.84,5.22,5.98,4.89,8.8,75.12804672,23.9,-0.644995041,0.278344641,-0.382409832,-4.370912479
685,null,cz221,CZ,2015,11,264238,3768886,M,ASY,21.6,61.25,19.76,6.02,6.09,4.92,8.79,76.00918492,23.9,-0.644995041,0.278344641,0.40478621,-4.406460852
687,null,cz222,CZ,2015,11,263051,3769199,F,SY,18,55.65,18.56,6.24,6.08,5.19,9.01,79.75145009,23.9,-0.927761722,0.231861995,-3.599950486,3.999303823
695,1781-33153,cz226,CZ,2016,11,251669,3764514,M,SY,20.9,59.04,20.11,7.08,6.28,5.53,9.12,84.59303706,23.4,null,null,-0.782659411,5.560166859
696,null,cz227,CZ,2016,11,260537,3766874,M,SY,20.4,59.18,19.34,7.8,5.76,5.16,9.18,78.73271013,24.2,null,null,-1.004259488,-0.042107688
698,null,cz228,CZ,2016,11,250106,3764940,M,ASY,22,59.52,19.39,3.18,6.06,5.12,9.75,85.6123268,23.1,null,null,-0.007841675,5.677184513
699,null,cz229,CZ,2016,11,249415,3764899,M,ASY,23.3,63.71,20.07,6.86,6.09,5,8.89,77.43248347,23,null,null,2.228665121,-5.107061835
700,null,cz230,CZ,2016,11,236326,3767920,M,ASY,21.4,62.65,19.25,6.39,6.07,5.65,9.08,83.58018759,22.8,null,null,0.806156242,2.697148058
701,2541-49923,cz231,CZ,2016,11,263509,3770671,M,ASY,19.8,62.14,20.33,6.77,6.26,5.1,9.51,84.84939103,23.4,null,null,-0.252242011,5.198851935
702,1781-33154,cz232,CZ,2016,11,262892,3770150,M,SY,19.9,59.41,19.51,5.26,6.09,5.4,9.22,83.20335355,23.5,null,null,-1.193046392,4.648377309
703,1781-33155,cz233,CZ,2016,11,262764,3770022,M,SY,18.9,61.69,19.13,7.99,5.9,5.16,9.34,81.13194444,23.5,null,null,-0.907064906,2.243943928
704,1781-33156,cz234,CZ,2016,11,262855,3770024,M,SY,20.2,61.42,19.55,6.4,6.47,5.34,9.29,86.16988096,23.5,null,null,-0.296633168,6.571035186
705,1781-33157,cz235,CZ,2016,11,263013,3770804,M,SY,18.3,60.1,19.56,5.68,6.55,5.37,8.84,82.75960359,23.4,null,null,-1.81393566,4.927650363
706,1781-33158,cz236,CZ,2016,11,263134,3770705,M,SY,18.4,60.74,19.47,8,6.08,5.29,9.23,82.4236888,23.4,null,null,-1.526068977,4.256515998
707,1781-33159,cz237,CZ,2016,11,263236,3770702,M,ASY,20.2,63.58,19.58,7.58,6.44,5.21,9.75,89.21141388,23.4,null,null,0.490883004,8.695508744
709,1781-33161,cz238,CZ,2016,11,261102,3770298,M,SY,19.6,57.89,19.93,7.12,6.01,5.01,9.2,79.6268074,23.6,null,null,-1.910810114,1.907664078
710,1781-33163,cz239,CZ,2016,11,262850,3770331,M,ASY,22.2,62.08,18.88,6.09,6.52,5.43,9.41,88.31763077,23.5,null,null,1.034567942,7.168606748
711,1781-33164,cz240,CZ,2016,11,263070,3770179,M,ASY,20.5,62.65,19.24,6.23,6.55,4.93,8.84,79.7047189,23.5,null,null,0.315399216,-0.606836083
712,1781-33165,cz241,CZ,2016,11,262983,3770866,M,SY,21.1,61.58,18.52,8.5,6.14,4.99,9.55,83.48114888,23.4,null,null,0.252458389,3.242888233
713,1781-33166,cz242,CZ,2016,11,263662,3770511,M,ASY,21.9,61.47,20.2,6.81,6.11,5.05,9.04,79.23599327,23.5,null,null,0.648581866,-1.463551546
714,1781-33167,cz243,CZ,2016,11,263742,3770432,M,SY,23,64.06,19.66,6.61,6.29,5.05,9.69,86.30316303,23.5,null,null,2.192686233,3.805514994
715,2541-49927,cz244,CZ,2016,11,263880,3770489,M,ASY,22.6,63.06,19.93,8.11,6.54,5.3,9.92,92.24721341,23.4,null,null,1.609981179,10.42812303
716,1781-33168,cz245,CZ,2016,11,263973,3770555,M,ASY,20.7,61.54,19.38,6.93,6.24,5.28,9.8,88.66831105,23.4,null,null,0.019760523,8.701026117
717,1781-33169,cz246,CZ,2016,11,262762,3769611,M,ASY,21.2,62.74,19.71,6.64,6.51,5.08,9.76,88.84298361,23.9,null,null,0.729912299,8.048729838
718,2541-49924,cz247,CZ,2016,11,263178,3770197,M,ASY,22.6,62.14,19.28,7.73,6.46,5.06,9.86,89.21117827,23.5,null,null,1.274557625,7.782687244
719,1781-33170,cz248,CZ,2016,11,264001,3770405,M,SY,21.4,63.09,20.04,5.85,6.43,5.19,9.11,83.14083586,23.4,null,null,0.966576203,2.070987939
720,1781-33171,ro151,RO,2016,10,768614,3766757,M,SY,22.7,58.04,18.23,6.79,6.29,4.96,9.77,86.32507563,22.2,null,null,-0.16573618,6.573800849
721,1781-33172,ro151,RO,2016,10,768614,3766757,M,ASY,22.2,62.12,19.89,6.72,6.24,5.01,9.43,83.32092766,22.2,null,null,1.049151575,2.154921057
722,1781-33173,ro152,RO,2016,10,768611,3766609,M,ASY,21.9,63.42,20.72,5.78,6.24,5.21,9.01,81.02520883,22.2,null,null,1.359533966,-0.502236798
723,1781-33174,ro152,RO,2016,10,768611,3766609,M,ASY,22.6,63.61,20.5,5.4,6.3,5.04,9.34,83.18591772,22.2,null,null,1.81050613,1.13331685
724,1781-33175,ro153,RO,2016,10,766661,3765947,M,SY,21.8,61.35,19.54,8.47,5.8,4.63,9.46,77.49350891,22.2,null,null,0.550302409,-3.09158988
725,1781-33176,ro153,RO,2016,10,766661,3765947,M,ASY,22.3,63.49,19.63,7.54,6.24,4.9,9.46,82.76871421,22.2,null,null,1.603169557,0.957555932
726,1781-33177,ro153,RO,2016,10,766661,3765947,M,ASY,23.1,64.5,19.94,7.48,6.19,5.04,8.71,76.82238618,22.2,null,null,2.407634753,-5.925568528
727,1781-33178,ro154,RO,2016,10,772122,3767106,M,SY,22.2,63.1,19.91,7.02,5.9,5.03,9.04,77.60299341,22.4,null,null,1.406450578,-3.979086422
728,1781-33179,ro155,RO,2016,10,772126,3767187,M,ASY,23.9,62.86,19.79,6.49,6.02,5.09,9.78,85.33806576,22.4,null,null,2.245934275,2.778410597
729,1781-33180,ro156,RO,2016,10,767250,3761462,M,SY,21.2,63.14,19.27,6.85,6.28,5.45,9.5,87.52084434,21.9,null,null,0.875748627,6.55676476
730,1781-33181,ro157,RO,2016,10,767230,3761419,M,SY,21,62.4,19.15,6.86,6.27,5.17,9.48,85.1773733,21.9,null,null,0.496894303,4.654468031
731,1781-33182,ro181,RO,2016,11,225093,3760141,M,SY,21.3,61.12,19.03,5.32,6.43,4.97,9.48,84.87955031,22.4,null,null,0.193803729,4.709592776
732,1781-33183,ro182,RO,2016,11,225277,3760856,M,ASY,21.1,61.08,19.81,6,6.01,5.26,9.11,80.63659382,22.4,null,null,0.070162979,0.610615433
733,1781-33184,ro183,RO,2016,11,225208,3759976,M,ASY,21.9,63.65,19.52,5.2,6.1,4.98,9.2,80.06034718,22.4,null,null,1.443389854,-1.564748288
734,1781-33185,ro184,RO,2016,11,225290,3760839,M,ASY,20.8,62.1,20.44,5.77,6.04,4.84,9.68,82.71687793,22.4,null,null,0.27845994,2.448338583
735,1781-33186,ro158,RO,2016,10,772073,3767417,M,SY,21.6,58.18,20.09,4.35,6.14,5.2,9.37,83.45311017,22.4,null,null,-0.714507608,4.340877472
736,1781-33187,ro158,RO,2016,10,772073,3767417,M,ASY,22.2,61.91,19.79,7.94,6.26,5.09,9.47,84.41812889,22.4,null,null,0.972587502,3.341280836
737,1781-33188,ro159,RO,2016,10,766949,3766501,M,SY,21.5,58.84,20.43,5.39,6.23,5.26,9.2,83.02286906,22.2,null,null,-0.528406225,3.693922063
738,1781-33189,ro160,RO,2016,10,766849,3766719,M,SY,23.7,59.35,19.27,3.59,6.31,5.08,9.32,83.37378496,22.2,null,null,0.857163378,2.431347826
739,1781-33190,ro161,RO,2016,10,762814,3764196,M,ASY,21.5,61.74,19.99,6.41,6.33,5.44,8.83,81.62572426,21.9,null,null,0.528907154,1.065540157
740,1781-33191,ro161,RO,2016,10,762814,3764196,M,SY,22.6,62,20.89,6.89,6.13,4.87,9.09,78.53196236,21.9,null,null,1.22351491,-2.837089634
741,1781-33192,ro162,RO,2016,10,762835,3764139,M,ASY,22,62.62,21.19,6.21,6.02,5.2,8.77,77.28270804,21.9,null,null,1.122389868,-3.968584256
743,1781-33194,ro163,RO,2016,10,772551,3766579,M,SY,21.3,62.27,20.2,4.96,6.03,5.25,8.93,79.11347116,22.4,null,null,0.613083172,-1.544735572
744,1781-33195,ro164,RO,2016,10,772464,3766427,M,ASY,22.8,62.2,19.71,6.05,5.93,5.27,9.3,81.8070727,22.4,null,null,1.405490191,0.226111236
745,1781-33196,ro164,RO,2016,10,772464,3766427,M,ASY,22,62.36,19.75,6.09,6.07,5.06,9.36,81.82026739,22.4,null,null,1.027596255,0.679361869
746,2701-39301,ro165,RO,2016,10,770455,3763729,M,ASY,20.6,60.73,18.75,4.89,6.02,4.56,8.78,72.95752035,22,null,null,-0.3300866,-6.602369039
747,2701-39302,ro165,RO,2016,10,770455,3763729,M,SY,21.6,60.62,20.04,6.39,6.48,5.14,9.12,83.23209913,22,null,null,0.175093994,3.083929005
748,2701-39303,ro166,RO,2016,10,770426,3763625,M,SY,22,63.82,20.19,7.01,6.36,5.21,8.95,81.32915792,22,null,null,1.559898852,-0.431611799
749,2701-39304,ro167,RO,2016,10,770494,3763627,M,SY,21.1,58.96,20.32,5.02,6.35,4.97,9.32,82.86139119,22,null,null,-0.70276956,3.735489584
750,2701-39305,ro168,RO,2016,10,767473,3755589,M,SY,21.3,60.12,20.54,5.02,5.98,5.03,8.94,77.30626998,21.9,null,null,-0.170787092,-2.439123035
751,2701-39306,ro169,RO,2016,10,772411,3766151,M,ASY,21.8,62.14,18.76,6.15,6.18,5.04,9,79.30950654,22.4,null,null,0.838329157,-1.61099822
752,2701-39307,ro170,RO,2016,10,772313,3766558,M,ASY,22.7,62.08,20.93,5.82,6.05,5.1,8.92,78.11413054,22.4,null,null,1.307210734,-3.352384899
753,2701-39308,ro171,RO,2016,10,772652,3766130,M,SY,21.7,59.08,20.62,4.29,6.41,5.2,8.98,81.88388464,22.4,null,null,-0.331847311,2.326045592
754,2701-39309,ro172,RO,2016,10,772601,3766138,M,ASY,21.9,61.19,19.75,6.78,6.24,5.09,9.78,87.02792845,22.4,null,null,0.546496436,6.4472617
755,2661-31946,ro173,RO,2016,10,772529,3766188,M,ASY,22.2,60.9,19.35,5.04,5.85,5.18,9.45,81.86479946,22.4,null,null,0.604350774,1.21676157
756,2701-39310,ro174,RO,2016,10,772752,3765951,M,SY,20.8,59.1,20.44,3.95,6.25,5.22,8.93,80.44605622,22.3,null,null,-0.81531252,1.451210431
757,2701-39311,ro175,RO,2016,10,772381,3766546,M,ASY,22.4,61.75,19.77,6.65,6.14,4.94,9.18,79.88630295,22.4,null,null,1.023310088,-1.249611347
758,2701-39312,mi69,MI,2016,10,745726,3769176,M,SY,19.9,61.4,19.13,5.81,6.2,5.22,9.21,82.60676511,21.5,null,null,-0.467510659,3.206905476
759,2701-39313,mi70,MI,2016,10,744876,3769039,M,SY,22.8,62.86,20.33,6.45,5.78,5.03,9.52,80.82626747,21.4,null,null,1.646120132,-1.034906577
760,2701-39314,mi70,MI,2016,10,744876,3769039,M,SY,21.9,59.28,19.97,5.04,5.52,4.98,9.03,74.46752686,21.4,null,null,-0.14987203,-5.302221659
761,2701-39315,mi70,MI,2016,10,744876,3769039,M,ASY,21.4,59.33,20,5.98,5.68,4.68,9.74,79.25170124,21.4,null,null,-0.404285281,-0.221784088
763,2701-39317,mi71,MI,2016,10,744341,3770046,M,ASY,20.4,60.58,19.51,4.68,6.09,4.98,8.85,76.94506537,21.7,null,null,-0.49383234,-2.424142775
764,2701-39318,mi72,MI,2016,10,744172,3769944,M,ASY,23.3,62.25,19.63,6.32,6.05,4.97,9.02,78.0688916,21.7,null,null,1.696362524,-3.850789506
765,2701-39319,mi72,MI,2016,10,744172,3769944,M,SY,20.8,58.71,20.59,6.71,5.97,4.78,9.03,76.24056322,21.7,null,null,-0.95750294,-2.588702407
766,2701-39320,mi73,MI,2016,10,744181,3769891,M,ASY,23.7,62.92,19.88,4.61,6.03,5,9.05,78.39962277,21.3,null,null,2.158752607,-4.058509697
767,2701-39321,mi74,MI,2016,10,746205,3769116,M,SY,20,57,18.85,5.05,5.71,4.89,8.67,72.17966201,21.5,null,null,-2.01718171,-5.415612023
768,2701-39322,mi75,MI,2016,10,744633,3769714,M,SY,21.3,60.18,19.52,4.73,5.67,4.86,9.46,78.23649557,21.3,null,null,-0.148911642,-1.534371316
769,2701-39323,mi76,MI,2016,10,744717,3769338,M,SY,20.7,58,18.81,4.27,5.82,4.73,8.72,72.25348944,21.4,null,null,-1.270890981,-6.210837095
770,2701-39324,mi77,MI,2016,10,745324,3769573,M,SY,21.4,58.05,19.29,4.1,5.86,4.95,8.25,70.04377171,21.4,null,null,-0.870961531,-8.886271034
771,2701-39325,mi78,MI,2016,10,742498,3768923,M,ASY,21.6,58.55,20.78,5.03,6.08,4.92,8.61,74.38506006,21.2,null,null,-0.579609004,-4.88426151
772,2701-39326,mi79,MI,2016,10,742617,3768874,M,ASY,21.4,61.09,20.21,6.22,5.71,4.88,9.17,76.27025127,21.2,null,null,0.237394562,-3.950467612
773,2701-39327,mi78,MI,2016,10,742498,3768923,M,ASY,22.3,59.02,18.58,3.29,5.78,4.69,9.21,75.73492388,21.2,null,null,-0.02655141,-4.178430997
774,2701-39328,mi80,MI,2016,10,742420,3768919,M,SY,22,57.8,20.09,3.72,6.1,5.27,9.32,83.22738674,21.2,null,null,-0.634937886,4.022495427
775,2701-39329,mi81,MI,2016,10,742381,3768846,M,ASY,21.9,62.58,20.09,6.15,5.86,4.77,9.45,78.89599441,21.2,null,null,1.053277677,-2.274817022
776,2701-39330,mi82,MI,2016,10,742334,3769020,M,SY,22.2,58.47,19.9,5.29,5.9,4.51,8.33,68.10603736,21.2,null,null,-0.28160492,-11.51030875
777,2701-39331,mi83,MI,2016,10,742240,3769045,M,ASY,22.1,61.06,19.29,5.87,5.78,4.84,8.98,74.90153789,21.2,null,null,0.608156747,-5.750932039
779,2701-39333,mi84,MI,2016,10,743597,3770354,M,ASY,22.9,58.45,20.1,5.28,5.93,4.93,8.64,73.69422383,21.4,null,null,0.092803173,-6.35811897
780,2701-39334,mi84,MI,2016,10,743597,3770354,M,ASY,22.1,59.31,20.04,6.03,5.97,4.95,8.7,74.61596712,21.4,null,null,-0.029877189,-5.293514901
781,2701-39335,mi85,MI,2016,10,743570,3770455,M,ASY,21.4,61.74,20.54,6.31,6.12,4.7,9.23,78.43661502,21.4,null,null,0.474378596,-2.0600708
782,2701-39336,mi86,MI,2016,10,743420,3770663,M,ASY,21.5,60.34,20.42,6.65,6.12,4.9,9.15,79.19405301,21.4,null,null,0.018480006,-0.771740766
784,2701-39338,ro176,RO,2016,10,762400,3764577,M,ASY,23.4,60.19,20.43,5.56,6.09,5.38,9.1,81.9775041,21.9,null,null,0.999833992,0.86892762
785,2701-39339,ro177,RO,2016,10,766667,3766949,M,ASY,20.2,61.08,18.62,4.73,5.85,4.97,8.68,73.76271055,22.1,null,null,-0.420594047,-5.691783288
787,2701-39341,ro178,RO,2016,10,772423,3767281,M,ASY,19.4,60.01,18.52,5.88,5.79,4.78,8.66,71.89236336,22.4,null,null,-1.246934692,-6.599860176
788,2701-39342,ro179,RO,2016,10,762527,3764385,M,SY,22.7,58.95,20.42,4.3,5.94,5.03,9.14,78.74857517,21.9,null,null,0.166041466,-1.389053323
789,2701-39343,ro179,RO,2016,10,762527,3764385,M,ASY,21.4,59.85,20.22,5.78,5.89,4.95,9.77,83.17900621,21.9,null,null,-0.214698055,3.484747332
790,2701-39344,ro180,RO,2016,10,762560,3764347,M,ASY,23.6,63.65,20.25,8.46,6.17,5.09,9.28,82.06845321,21.9,null,null,2.370375347,-0.636113073
791,2701-39345,ro180,RO,2016,10,762560,3764347,M,ASY,21.3,58.7,19.65,4.68,5.57,4.92,8.94,73.655111,21.9,null,null,-0.688506057,-5.487400398