band,ss,site_name,island,year,zone,utm_e,utm_n,sex,age,mass,wing,tarsus,primext,billd,billw,billl,bill_sa,bodsize,billsc,maxt,veg1,veg2
2661-31775,59,cz151,CZ,2014,11,253582,3763747,M,SY,17.7,63.42,19.44,7.68,6.37,5.03,8.53,76.37368821,-0.930665487,-2.486829521,23.1,-0.56274226,1.991130196
2661-31776,60,cz152,CZ,2014,11,253478,3763827,M,ASY,20.5,57.92,19.51,6.91,6.26,5.24,9.24,83.45640884,-1.409115364,5.153044033,23.1,-0.229014592,0.029516589
2661-31780,64,cz155,CZ,2014,11,253590,3763713,M,ASY,19.4,60.93,19.9,7.17,6.46,5.1,9.17,83.25628939,-0.911511137,4.373466496,23.1,-0.342030345,1.934667499
2661-31782,66,cz159,CZ,2014,11,253555,3763723,M,ASY,19.2,60.47,18.74,7.78,6.55,4.88,9.05,81.24276412,-1.188280031,2.682237472,23.1,0.432917148,1.009491884
2661-31783,67,cz157,CZ,2014,11,253122,3763957,M,ASY,19.7,59.63,19.01,5.79,6.22,5.01,8.7,76.73418596,-1.221893528,-1.787197909,23.1,-0.669952484,2.177157192
2661-31784,68,cz158,CZ,2014,11,253108,3763955,M,ASY,20.9,58,19.47,7.16,6.13,5.2,8.6,76.52762625,-1.161833864,-2.063696851,23.1,-0.669952484,2.177157192
2661-31760,70,cz40,CZ,2014,11,248219,3765101,M,ASY,23.9,59.25,19.62,6.1,6.83,5.37,9.25,88.63218274,0.929761413,7.605205492,23,0.051550048,2.084034638
2661-31761,71,cz40,CZ,2014,11,248219,3765101,F,SY,19.9,55.4,20.31,7.45,6.06,4.96,8.77,75.90511966,-2.655055581,-0.947352859,23,0.051550048,2.084034638
2661-31762,72,cz42,CZ,2014,11,248262,3765096,M,SY,22.4,57.91,19.26,6.15,6.37,4.76,8.55,74.73966733,-0.376718662,-4.765919214,23,-0.086012604,2.049267429
2661-31763,73,cz41,CZ,2014,11,248203,3765120,M,SY,19.5,61.38,19.58,7.85,5.98,4.8,9.6,81.27928513,-0.692916709,2.141909919,23,-1.052204411,1.805074753
2661-31764,74,cz63,CZ,2014,11,249683,3764819,M,SY,23.2,59.1,19.04,6.17,6.17,5.28,9.31,83.72305152,0.493372881,3.204246932,23,-0.623647597,1.591767728
2661-31765,75,cz64,CZ,2014,11,249569,3764844,M,SY,21.7,62.41,19.75,4.05,5.96,5.41,9.13,81.53069109,0.88224012,0.559052193,23,-0.669952484,2.177157192
2661-31766,76,cz65,CZ,2014,11,249516,3764862,M,SY,22.1,62.04,20.31,5.99,5.88,5.15,8.69,75.28096374,0.965455751,-5.787579418,23,-0.952719165,2.130674545
2661-31767,77,cz31,CZ,2014,11,249594,3764747,M,SY,20.3,58.76,19.45,5.91,6.14,5.39,8.74,79.1463008,-1.211916191,0.613298364,23,-1.17343108,2.187137242
2661-31768,78,cz32,CZ,2014,11,249601,3764667,M,SY,23.5,59.94,19.95,6.51,6.5,5.08,9.15,83.2184332,0.963214846,2.152499566,23,-0.952719165,2.130674545
2661-31769,79,cz33,CZ,2014,11,249632,3764985,M,ASY,21.2,60.89,19.6,6.59,6.38,5,8.92,79.72545341,0.055419282,-0.283356002,23,-0.952719165,2.130674545
2661-31770,80,cz33,CZ,2014,11,249632,3764985,F,ASY,18.8,57.91,19.52,5.33,6.21,5.26,9.89,89.09423248,-2.339746765,11.87458413,23,-0.952719165,2.130674545
2661-31771,81,cz28,CZ,2014,11,249508,3765120,M,SY,20.4,58.58,19.77,6.34,5.93,4.92,9.24,78.73930747,-1.223013981,0.219228364,23,-0.952719165,2.130674545
2661-31773,83,cz30,CZ,2014,11,249423,3765057,M,ASY,20.1,60.7,18.93,6.9,6.24,4.88,9.36,81.74675412,-0.613667117,2.517093083,23,0.321262062,1.547706155
2661-31786,85,cz149,CZ,2014,11,252725,3764235,M,ASY,23,61.02,20.33,6.41,6.38,5.11,9.35,84.37650279,1.08433014,3.169530892,23.1,0.599113259,0.01533023
2661-31787,86,cz141,CZ,2014,11,252165,3764348,M,SY,19.5,60.16,19.35,7.63,6.3,5.12,8.28,74.26536538,-1.13771751,-4.354041117,23.1,1.064695477,1.097890805
2661-31788,87,cz142,CZ,2014,11,252105,3764302,M,ASY,22.3,61.95,19.47,7.63,5.91,4.93,8.94,76.11262186,1.041699694,-5.044707058,23.4,-0.342030345,1.934667499
2661-31789,88,cz130,CZ,2014,11,249705,3761962,M,ASY,21.2,61.16,19.65,6.2,6.51,4.77,9.28,82.21422311,0.153858803,2.090781278,22.9,0.359870113,0.782991762
2661-31791,90,cz144,CZ,2014,11,251379,3764513,M,SY,20.7,59.37,20.59,6.97,6.4,5.61,9.17,86.49723491,-0.771401557,7.451254984,23.4,-0.33471889,2.23226462
2661-31792,91,cz145,CZ,2014,11,251391,3764457,M,ASY,20.8,59.68,19.62,5.86,6.31,5.44,9.13,84.25555147,-0.603849845,5.01445826,23.4,-0.769437729,1.8515574
2661-31793,92,cz146,CZ,2014,11,250900,3764608,M,SY,21.7,62.76,19.09,7.54,6.24,5.55,9.11,84.357182,1.009846908,3.236945521,23.4,-0.288414004,1.646875156
2661-31794,93,cz147,CZ,2014,11,250735,3764604,M,ASY,22.4,59.9,19.82,6.31,6.29,5.75,9.83,92.95438591,0.34881707,12.60391597,23.4,0.301789205,1.827536231
2661-31796,95,cz148,CZ,2014,11,250630,3764579,M,SY,20.7,61,19.51,6.09,5.94,5.13,9.31,80.9444699,-0.17711852,1.206449807,23.4,-0.288414004,1.646875156
2661-31601,100,cz25,CZ,2014,11,250288,3764725,M,ASY,21.1,60.56,19.28,4.99,6.18,5.21,9.04,80.86899313,-0.119424248,1.063788293,23.1,-0.952719165,2.130674545
2661-31602,101,cz25,CZ,2014,11,250288,3764725,M,SY,20,58.36,17.97,6.9,6.22,5.13,8.47,75.50385974,-1.521338195,-2.668822039,23.1,-0.952719165,2.130674545
2661-31603,102,cz25,CZ,2014,11,250288,3764725,M,ASY,19.6,60,18.63,6.38,6.14,5.18,9.5,84.46171849,-1.141523483,5.846744033,23.1,-0.952719165,2.130674545
2661-31604,103,cz150,CZ,2014,11,250365,3764628,M,SY,22.6,61.37,19.44,8.38,6.55,5.45,8.6,81.05309046,0.993822693,-0.048485887,23.1,-0.623647597,1.591767728
2661-31605,104,cz34,CZ,2014,11,250162,3764746,M,ASY,22.3,60.11,19.85,8.85,5.91,4.97,9.61,82.11871869,0.370852584,1.742588487,23.1,-0.230503879,2.064737103
2661-31606,105,cz73,CZ,2014,11,245276,3766316,M,ASY,21.4,61.64,19.03,6.26,6.18,5.49,8.79,80.56559382,0.437919514,0.111364452,23.2,-0.956302215,0.00700511
2661-31607,106,cz74,CZ,2014,11,245250,3766357,M,ASY,20.2,62.74,18.98,8.15,6.45,5.63,8.6,81.5934444,0.184626715,1.43417346,23.2,-0.987470192,0.40103275
2661-31608,107,cz74,CZ,2014,11,245250,3766357,M,ASY,21,59.25,19.65,7.22,6.25,5.35,9.18,83.63547962,-0.651566781,4.449952586,23.2,-0.987470192,0.40103275
2661-31610,109,cz75,CZ,2014,11,245216,3766373,M,SY,19.8,61.57,18.43,7.93,6.01,5.25,8.38,74.10922822,-0.460058778,-5.299309099,23.2,-0.25109597,-0.277691581
2661-31613,112,cz74,CZ,2014,11,245250,3766357,M,ASY,20.6,60.49,18.69,8.11,6.23,5.61,9.37,87.13270057,-0.417588397,7.674706666,23.2,-0.987470192,0.40103275
2661-31614,113,cz76,CZ,2014,11,244875,3766362,M,ASY,21.3,59.05,19.95,6.68,6.39,5.3,9.74,89.42590612,-0.560899269,10.13479714,23.2,-0.978808344,-0.814174575
2661-31615,114,cz77,CZ,2014,11,244785,3766365,M,ASY,19.9,60.72,18.74,7.98,6.12,5.35,8.53,76.84264945,-0.715432417,-2.268506311,23.2,0.137583276,-0.17945785
2661-31616,115,cz78,CZ,2014,11,244983,3766366,M,ASY,22.8,60.45,19.2,6.9,6.5,5.66,9.58,91.49323117,0.767456255,10.65525761,23.2,3.00897441,0.334412003
2661-31619,118,cz171,CZ,2014,11,252415,3767331,M,ASY,20.6,61.58,19.23,6.24,6.07,5.63,9.21,84.63214989,-0.020184403,4.71138066,23.1,2.298741574,-0.383856534
2661-31620,119,cz172,CZ,2014,11,252437,3767539,M,ASY,20.5,63.45,19.4,8.49,6.36,5.78,9.1,86.7660767,0.607071873,6.114870102,23.1,1.598594887,0.23065463
2661-31621,120,cz173,CZ,2014,11,252307,3767258,M,ASY,21.5,61.31,18.75,8.05,6.2,5.44,8.96,81.91263021,0.372133101,1.53500885,23.1,0.065237795,0.996613178
2661-31622,121,cz174,CZ,2014,11,252346,3767442,M,SY,21.7,61.38,20.16,6.81,6.19,5.36,9,81.64213909,0.506711576,1.107801648,23.1,1.419954511,-0.069979663
2661-31623,122,cz68,CZ,2014,11,246269,3766052,M,ASY,22,63.44,19.28,7.24,6.53,5.09,8.79,80.22041133,1.421354341,-1.379023872,23,2.133422488,0.628354981
2661-31624,123,cz69,CZ,2014,11,246236,3766236,M,ASY,22.3,63.39,19.61,6.97,6.28,5.99,9.02,86.92425589,1.566710475,5.155554064,23,2.398226819,-0.058256742
2661-31627,126,cz167,CZ,2014,11,252269,3767522,M,SY,21.4,63.55,18.51,4.66,6.31,5.28,9.15,83.29029713,1.13428798,2.025149531,23.1,1.068052152,-0.509099971
2661-31628,127,cz168,CZ,2014,11,252260,3767504,M,SY,21.6,60.13,19.63,5.16,6.4,5.08,9.15,82.49979388,-0.003555508,2.55966037,23.1,1.068052152,-0.509099971
2661-31629,128,cz169,CZ,2014,11,252291,3767446,M,ASY,20.8,58.92,18.88,5.16,6.44,5.4,9.03,83.97100172,-0.880938868,5.052577544,23.1,1.26825761,0.146141472
2661-31630,129,cz90,CZ,2014,11,252300,3767315,M,ASY,21.6,62.66,20.06,6.61,6.67,5.34,9.27,87.44049811,0.918859267,6.426216366,23.1,1.622575108,0.912264631
2661-31631,130,cz88,CZ,2014,11,252189,3767148,M,ASY,21.6,62.6,17.99,5.73,6.24,5.31,8.8,79.82786933,0.896983818,-1.160938543,23.1,1.594748296,-0.062059997
2661-31632,131,cz89,CZ,2014,11,252138,3767138,M,ASY,21.5,61.64,19.65,7.33,6.66,5.55,8.96,85.92381571,0.492448072,5.406088059,23.1,0.703353127,0.0742763
2661-31634,132,cz128,CZ,2014,11,248835,3764219,M,SY,20.8,62.84,18.76,7.17,5.95,5.22,9.29,81.50021764,0.548257147,0.917500549,23.4,-0.509125919,1.703337852
2661-31637,135,cz21,CZ,2014,11,248935,3764252,M,SY,20.7,59.05,20.22,8,6.14,4.96,8.94,77.93820135,-0.88807062,-0.97191793,23.4,-0.509125919,1.703337852
2661-31638,136,cz81,CZ,2014,11,249279,3765537,M,ASY,19.9,60.52,18.46,7.38,5.82,4.72,9.26,76.65517491,-0.788350581,-2.371067947,23.2,2.088059899,0.704542147
2661-31640,138,cz83,CZ,2014,11,249444,3765674,M,ASY,21.1,60,18.57,8.14,6.3,5.27,8.77,79.6934877,-0.323595107,0.126038994,23.2,1.769030178,0.644068768
2661-31641,139,cz84,CZ,2014,11,249580,3765689,M,SY,20,60.51,19.95,7.28,6.27,5.05,9.11,80.99434268,-0.737467931,1.908847185,23.2,1.769030178,0.644068768
2661-31642,140,cz85,CZ,2014,11,249814,3765745,M,SY,19.5,59.07,18.2,8.44,6.23,4.82,8.82,76.5456904,-1.535121504,-1.610940771,23.2,2.792885263,1.019441189
2661-31643,141,cz191,CZ,2014,11,245385,3766685,M,ASY,22.4,61.1,20,8.03,6.52,5.38,9.03,84.39653044,0.786326055,3.53658308,23.2,1.465317101,-0.146166828
2661-31646,144,cz105,CZ,2014,11,239487,3767785,M,ASY,19.9,59.46,18.4,5.93,6.17,5.11,8.51,75.39256882,-1.174816851,-3.183635647,22.9,0.186406803,0.939639906
2661-31647,145,cz91,CZ,2014,11,239221,3767873,M,ASY,21.5,60.33,19.95,4.2,6.17,4.91,9.79,85.19465206,0.014834097,5.233103929,22.9,2.031935485,0.687186588
2661-31648,146,cz92,CZ,2014,11,237759,3768023,M,ASY,23.8,62.65,18.99,7.23,6.65,5.39,9.51,89.92840387,2.114841644,7.52140554,22.9,0.894042142,-0.133587209
2661-31649,147,cz93,CZ,2014,11,234757,3768437,M,ASY,21.4,62.86,19.06,5.4,6.03,5.16,9.25,81.2946004,0.882720314,0.322402319,22.7,2.587005342,0.265046549
2661-31651,150,cz188,CZ,2014,11,234906,3768425,M,ASY,21.3,62.41,20.57,6.52,6.5,5.77,9.35,90.1044116,0.664125887,9.386765836,22.7,-0.987470192,0.40103275
2661-31652,151,cz95,CZ,2014,11,234677,3768496,M,ASY,21,63.84,19.92,5.88,6.35,5.66,8.52,80.36602415,1.021905085,-0.768254027,22.7,2.130121181,0.381927016
2661-31653,152,cz93,CZ,2014,11,234757,3768437,M,SY,17.7,56.15,19,6.35,5.59,4.91,8.84,72.90065753,-3.581240751,-2.873276146,22.7,2.587005342,0.265046549
2661-31655,154,cz189,CZ,2014,11,234841,3768509,M,ASY,21,59.69,19.45,6.51,5.89,5.13,9.28,80.31921442,-0.49114682,0.946878998,22.7,-0.263557353,0.554373908
2661-31656,155,cz189,CZ,2014,11,234841,3768509,M,ASY,19.2,58.03,18.92,6.86,6.06,5.55,9.7,88.44918497,-2.077881633,10.92459575,22.7,-0.263557353,0.554373908
2661-31657,156,cz200,CZ,2014,11,235401,3768278,M,ASY,21.4,64.87,18.61,7.61,5.95,5.33,8.24,73.00056017,1.615547863,-8.825012595,22.8,-0.923338301,0.610926493
2661-31658,157,cz201,CZ,2014,11,235486,3768232,M,ASY,22,61.59,18.1,5.9,6.08,5.26,9.6,85.50158566,0.746861323,4.687594819,22.8,-0.23852878,0.864775507
2661-31659,158,cz202,CZ,2014,11,235450,3768324,M,SY,21.3,62.82,19.62,6.62,6.05,4.92,9.11,78.49010064,0.813608123,-2.401616577,22.8,-0.023039958,-0.246185332
2661-31660,159,cz203,CZ,2014,11,235329,3768390,M,ASY,22,61.51,19.14,5.94,6.33,5.43,9.62,88.8530367,0.717694057,8.07301102,22.8,-0.799204055,1.359258085
2661-31661,160,cz204,CZ,2014,11,235301,3768437,M,ASY,21.8,59.77,19.53,6.67,6.17,5.57,9.59,88.42530886,-0.025751087,8.51102201,22.8,-0.249521048,0.741220728
2661-31662,161,cz205,CZ,2014,11,235369,3768229,M,ASY,21.4,61.89,19.7,7.51,5.89,5.22,8.69,75.82697254,0.529067219,-4.733397957,22.8,1.995859836,0.593587773
2661-31663,162,cz206,CZ,2014,11,235468,3768394,M,ASY,23.6,60.32,18.55,6.3,6.35,5.21,8.93,81.07728073,1.156287916,-0.213485704,22.8,0.700872882,-0.092844173
2661-31665,164,cz208,CZ,2014,11,235670,3768173,M,ASY,21.2,59.26,18.51,7.12,6.06,5.16,9.29,81.86503508,-0.538863756,2.548265835,22.8,-0.263557353,0.554373908
2661-31674,172,cz70,CZ,2014,11,247918,3765480,M,ASY,20.4,61.31,18.43,7.47,6.27,5.64,9.64,90.1734481,-0.227681041,10.49430786,23,-0.952719165,2.130674545
2661-31675,173,cz39,CZ,2014,11,247963,3765473,M,SY,21.7,59.93,18.5,5.72,6.03,5.37,9.43,84.43187336,-0.021945114,4.51315447,23,-0.283684237,1.153747846
2661-31676,174,cz36,CZ,2014,11,248064,3765351,M,ASY,19.8,60.56,18.83,6.92,5.82,4.88,8.8,73.95309107,-0.828295507,-5.026636085,23,1.824211424,1.929433604
2661-31677,175,cz36,CZ,2014,11,248064,3765351,M,ASY,21.6,60.59,19.58,6.96,6.67,5.68,9.32,90.4008994,0.164156269,10.26546621,23,1.824211424,1.929433604
2661-31678,176,cz37,CZ,2014,11,247918,3765473,M,ASY,20.5,64.19,19,7.84,5.67,4.67,9.79,79.50475652,0.87686908,-1.460627822,23,-1.17343108,2.187137242
2661-31680,177,cz38,CZ,2014,11,247975,3765330,M,ASY,22.1,61.7,17.91,7.25,6.09,5.28,8.72,77.86940047,0.841494872,-3.054790752,23,-0.286218063,1.394025987
2661-31681,179,cz194,CZ,2014,11,244187,3766639,M,ASY,19.4,60.96,18.72,5.54,6.09,4.97,8.75,76.00690726,-0.900573412,-2.888652569,23.4,-0.028809133,0.684758032
2661-31682,180,cz195,CZ,2014,11,244185,3766599,M,SY,21.6,57.76,19.29,6.31,6.13,5.07,9.23,81.19132054,-0.867635752,2.25740494,23.4,-0.028809133,0.684758032
2661-31683,181,cz196,CZ,2014,11,244364,3766597,M,SY,18.8,61.24,19.36,6.92,5.96,5.01,8.8,75.8191971,-1.125659333,-2.814251095,23.4,-0.545509796,0.603944434
2661-31684,182,cz80,CZ,2014,11,244541,3766539,M,SY,20.5,63.2,19.48,7.01,6.56,5.3,9.5,88.49081107,0.515924168,7.945745602,23.3,-0.070518301,-0.434209462
2661-31685,183,cz197,CZ,2014,11,244359,3766591,M,ASY,21.6,62.5,20.11,6.98,6.51,5.82,9.33,90.35134078,0.860524736,9.404989359,23.4,-0.909332391,-0.586790545
2661-31686,184,cz71,CZ,2014,11,248671,3765051,M,ASY,23.5,62.77,18.82,6.66,6.47,5.36,8.61,79.99775095,1.995006867,-2.269700273,23,-0.6682669,0.271882449
2661-31687,185,cz72,CZ,2014,11,248811,3765044,M,ASY,21,62.27,19.5,6.17,6.06,5.28,8.62,76.77329879,0.449497497,-3.694413092,23,-0.617220278,1.317919019
2661-31688,187,cz48,CZ,2014,11,248682,3764943,M,ASY,21.2,62.57,19.62,6.58,6.23,5.53,8.83,81.55637361,0.66793186,0.834295806,23,-0.863730623,1.248067041
2661-31689,188,cz49,CZ,2014,11,248744,3764937,M,ASY,19.5,59.45,18.73,6.5,6.27,5.05,9,80.01636489,-1.396576993,1.698399201,23,-0.663525165,1.903308483
1781-33102,189,cz50,CZ,2014,11,248581,3765046,M,ASY,21.2,56.38,19.93,6.12,6.5,5.57,8.64,81.90509039,-1.588885318,3.81106696,23,-1.102269543,0.50924653
2661-31691,191,cz52,CZ,2014,11,248730,3764942,M,ASY,20.9,63.22,20.37,6.93,6.24,5.05,8.75,77.58752107,0.741330218,-3.220028822,23,-0.663525165,1.903308483
2661-31692,192,cz163,CZ,2014,11,250066,3765920,M,SY,19.8,62.6,19.79,7.39,6.05,5.05,9.45,82.38434035,-0.084530233,2.538501576,23,2.095345081,0.919187565
2661-31693,193,cz162,CZ,2014,11,250208,3766043,M,SY,19.5,61.86,18.59,7.77,6.36,5.33,8.02,73.63406233,-0.517913116,-5.70710385,23,1.995859836,0.593587773
2661-31694,194,cz161,CZ,2014,11,249989,3765875,M,ASY,21.7,63.04,21.4,6.78,6.3,5.36,8.58,78.57343138,1.111932337,-2.665683164,23,0.893365646,0.982426819
2661-31695,195,cz160,CZ,2014,11,250353,3766080,M,SY,22.2,63.65,20.23,6,5.96,4.84,9.12,77.3585775,1.60697553,-4.457012817,23,1.843465189,1.3696779
2661-31697,197,cz175,CZ,2014,11,251877,3766762,M,SY,21.8,61.75,19.41,5.42,6.39,5.59,9.07,85.34026488,0.696138737,4.585340282,23.1,1.570363452,1.453985557
2661-31699,199,cz87,CZ,2014,11,251913,3766765,M,ASY,20.8,63.81,19.36,8.22,6.07,5.43,9.34,84.35961673,0.901910243,3.365072055,23.1,0.420634954,0.938564318
2661-31901,201,cz164,CZ,2014,11,252079,3767046,M,ASY,22.1,63.1,20.72,5.51,6.48,5.42,9.23,86.26577807,1.35192202,4.747196521,23.1,1.470878207,1.128385765
2661-31902,202,cz165,CZ,2014,11,252073,3766947,M,ASY,18.7,61.12,20.11,6.61,6.42,4.85,9.04,80.01699321,-1.22393879,1.497991041,23.1,1.031429601,1.240805854
2661-31903,203,cz166,CZ,2014,11,251938,3766821,M,ASY,19.6,64.59,19.82,8.47,5.92,4.96,8.9,76.05167496,0.531948382,-4.512050641,23.1,1.673376014,0.849822111
2661-31906,206,cz55,CZ,2014,11,248613,3764899,M,SY,21.6,61.6,19.1,6.93,6.41,5.13,8.83,80.03065913,0.532392998,-0.533584223,23,-1.052204411,1.805074753
2661-31907,207,cz56,CZ,2014,11,248547,3765180,M,SY,19.1,59.12,17.89,8.63,6.01,4.79,8.81,74.72906445,-1.735006197,-3.194801814,23,-0.535282942,0.71323756
2661-31908,208,cz57,CZ,2014,11,248550,3764963,M,ASY,21,62.02,19.45,7.63,6.26,5.22,8.46,76.27849795,0.358349792,-4.083072802,23,0.634206702,-0.083714338
2661-31909,210,cz43,CZ,2014,11,248565,3765176,M,SY,20,60.24,18.41,6.25,5.94,5.65,8.78,79.92227419,-0.835907453,0.951411115,23,-0.363635192,-0.31092314
2661-31910,211,cz27,CZ,2014,11,248835,3764892,M,ASY,21.3,60.63,18.64,6.71,6.07,5.03,9.39,81.86126517,0.015154227,1.89934425,23,-0.329989124,1.739137311
2661-31911,212,ro71,RO,2014,10,772022,3766430,M,ASY,23.6,62.17,20.27,7.08,6.09,5.36,9.83,88.39931218,1.830780933,6.323101385,22.4,0.893911934,-1.081427544
2661-31912,213,ro71,RO,2014,10,772022,3766430,M,ASY,20,58.92,20.17,7.36,5.94,4.58,8.88,73.37001147,-1.317167335,-5.04042644,22.4,0.893911934,-1.081427544
2661-31913,214,ro72,RO,2014,10,772174,3766403,M,ASY,20.6,60.44,19.11,7.04,5.95,4.74,9.2,77.24233857,-0.435817938,-2.194427108,22.4,0.454463329,-0.969007455
2661-31914,215,ro72,RO,2014,10,772174,3766403,M,ASY,21,61.9,19.86,7.39,6.11,5.19,9.39,83.33624292,0.314598893,3.02561991,22.4,0.454463329,-0.969007455
2661-31915,216,ro73,RO,2014,10,772096,3766489,M,ASY,22.3,60.37,19.56,6.58,6.13,5.36,9.32,84.10577604,0.465646197,3.619259062,22.4,1.28259118,-0.983193814
2661-31916,217,ro74,RO,2014,10,771947,3766347,M,ASY,21.3,60.67,19.95,4.51,5.9,4.78,9.44,79.18321452,0.029737859,-0.795688981,22.4,1.046448668,-1.178419157
2661-31917,218,ro75,RO,2014,10,772785,3765646,M,SY,19.9,60.65,18.08,7.98,5.83,5.03,8.98,76.59422801,-0.740953775,-2.487208235,22.3,-1.192099072,-0.633273191
2661-31918,219,ro76,RO,2014,10,773037,3765338,M,ASY,20.4,60.28,19.83,6.12,5.87,4.91,8.68,73.49002031,-0.603209586,-5.751818479,22.3,-0.182044767,-0.564279066
2661-31919,220,ro77,RO,2014,10,772991,3765440,M,ASY,19.8,61.1,19.85,6.13,5.84,4.65,9.3,76.62108863,-0.631416464,-2.587903365,22.3,-0.927761722,0.231861995
2661-31921,222,ro78,RO,2014,10,772925,3765521,F,SY,20.3,57.6,18.28,5.37,6.41,5.42,9.35,86.87328355,-1.634841543,8.832775956,22.3,-0.845200499,-0.376896802
2661-31922,223,ro78,RO,2014,10,772925,3765521,M,ASY,21.5,62.15,19.99,6.94,5.94,4.92,9.18,78.30011282,0.67838939,-2.434142736,22.3,-0.845200499,-0.376896802
2661-31923,224,ro89,RO,2014,10,772892,3765446,M,SY,22,61.6,19.39,6.72,6.06,5.4,9.03,81.27598646,0.750507231,0.457749973,22.3,-0.05201048,-0.940527926
2661-31924,225,ro90,RO,2014,10,772895,3765643,M,ASY,22.2,62.24,19.37,5.99,6.04,4.99,9.25,80.13221112,1.092902473,-1.084743225,22.3,-0.05201048,-0.940527926
2661-31925,226,ro14,RO,2014,10,772297,3766920,M,ASY,22.4,61.06,21.25,4.49,5.9,4.75,9.16,76.61873243,0.771742422,-4.224232349,22.4,-0.911146758,-0.281967229
2661-31926,227,ro13,RO,2014,10,772291,3766822,M,ASY,23.2,62.48,19.66,5.95,6.1,5.67,8.58,79.31469017,1.725689854,-2.639142493,22.4,1.797261613,-0.579262159
2661-31928,229,ro15,RO,2014,10,772536,3766728,F,ASY,21.5,59.74,19.15,5.09,6.09,5.17,9.59,84.80996404,-0.200274487,5.098908976,22.4,-0.927761722,0.231861995
2661-31929,230,ro15,RO,2014,10,772536,3766728,M,ASY,21.7,61.06,20.35,5.5,6.08,4.82,9.39,80.38628742,0.390042513,-0.012189376,22.4,-0.927761722,0.231861995
2661-31933,234,ro16,RO,2014,10,772479,3766645,F,ASY,19.2,58.84,19.52,5.23,5.87,4.97,8.63,73.47336987,-1.782563068,-4.395116612,22.4,-0.909332391,-0.586790545
2661-31934,235,ro16,RO,2014,10,772479,3766645,M,ASY,21.2,63.48,18.78,6.82,6.02,4.98,9.34,80.69180731,0.999709506,-0.416624207,22.4,-0.909332391,-0.586790545
2661-31935,236,ro17,RO,2014,10,772578,3766556,F,SY,22.4,58.29,18.06,7.78,6.12,5.25,9.07,80.99489246,-0.23817415,1.327971399,22.4,0.891826914,-0.482731413
2661-31936,237,ro18,RO,2014,10,772601,3766800,M,ASY,20.6,61.3,19.47,4.99,6.05,4.71,9.92,83.83277164,-0.122269833,4.030880475,22.4,-0.087344338,-0.90136245
2661-31937,238,ro91,RO,2014,10,772334,3766378,F,SY,20.5,57.72,19.22,4.42,5.9,4.8,9.42,79.16342248,-1.482033528,0.944970577,22.4,-0.51727836,-0.619386494
2661-31938,239,ro92,RO,2014,10,772298,3766478,M,SY,22.8,63.11,19.92,6.57,6.2,5.67,9.33,86.98056894,1.737267837,5.013253763,22.4,0.46521102,-0.923322658
2661-31939,240,ro91,RO,2014,10,772334,3766378,M,SY,21.8,60.06,19.46,5.78,6,5.01,9.72,84.05111233,0.079980251,4.01370177,22.4,-0.51727836,-0.619386494
2661-31940,241,ro92,RO,2014,10,772298,3766478,F,ASY,21,59.91,20.14,6.36,5.98,5,9.24,79.68272775,-0.410936839,0.216988134,22.4,0.46521102,-0.923322658
2661-31941,242,ro92,RO,2014,10,772298,3766478,F,SY,18.7,60.6,19.77,7.61,5.9,5.13,8.51,73.72163423,-1.413526017,-4.57659439,22.4,0.46521102,-0.923322658
2661-31942,243,ro93,RO,2014,10,772370,3766139,M,ASY,22,61.1,20.84,5.59,5.99,5,9.32,80.4458206,0.568211821,-0.160133627,22.4,-1.127967181,-0.423379448
2661-31943,244,ro94,RO,2014,10,772400,3766141,M,ASY,20.6,60.82,19.82,6.85,6.25,5.27,8.78,79.43956848,-0.297273426,-0.158531716,22.4,-1.192099072,-0.633273191
2661-31944,245,ro95,RO,2014,10,772234,3766431,M,ASY,22.9,61.13,18.75,5.03,5.93,5.24,9.7,85.09710561,1.069906571,3.906929898,22.4,1.482796638,-0.327952371
2661-31945,246,ro19,RO,2014,10,772275,3766549,M,SY,24.5,61.14,18.69,5.6,6.66,5.5,9.79,93.49882392,1.946009414,11.28843003,22.4,-0.087344338,-0.90136245
2661-31946,247,ro96,RO,2014,10,772542,3766226,M,ASY,21.7,60.95,19.46,5.11,5.78,4.8,9.67,80.35298654,0.349937523,0.001211841,22.4,-0.077829755,-0.731806583
2661-31947,248,cz133,CZ,2014,11,241767,3767439,M,ASY,20.3,61.64,19.27,5.22,7.23,5.59,9.48,95.45226623,-0.161894629,15.69651798,23.6,-0.890664399,2.233619888
2661-31948,249,cz132,CZ,2014,11,241866,3767330,M,ASY,20.5,59.46,19.42,5.99,5.96,5.11,9.11,79.20559836,-0.8476455,0.248404194,23.6,0.026056809,-0.309527454
2661-31949,250,cz132,CZ,2014,11,241866,3767330,M,ASY,21.1,62.07,20.04,6.73,5.96,4.59,9.13,75.6507292,0.431107891,-4.795568061,23.6,0.026056809,-0.309527454
2661-31950,251,cz131,CZ,2014,11,241780,3767465,M,ASY,21.5,58.82,19.47,6.2,6.43,5.67,9.04,85.90999271,-0.535698041,6.589537003,23.6,-1.17343108,2.187137242
2661-31951,252,cz134,CZ,2014,11,241926,3767342,M,ASY,19.6,60.66,18.4,5.73,6.23,4.87,10.23,89.18431765,-0.900893542,10.28913061,23.6,0.768150741,1.064599312
2661-31953,254,cz96,CZ,2014,11,239714,3767676,M,ASY,19.5,60.2,18.71,5.89,6.45,5.7,8.69,82.92508699,-1.123133877,4.288697912,22.9,1.264774168,1.160342824
2661-31954,255,cz97,CZ,2014,11,239971,3767553,M,SY,21.7,59.59,19.7,4.37,6.45,5.17,9.1,83.04957259,-0.145905993,3.275205637,23.4,-0.008017772,-0.167886142
2661-31955,256,cz97,CZ,2014,11,239971,3767553,M,ASY,20.4,59.87,19.68,6.05,6.12,4.6,8.4,70.72353382,-0.752691822,-8.344233516,23.4,-0.008017772,-0.167886142
2661-31956,257,cz98,CZ,2014,11,239611,3767713,M,ASY,22.3,58.46,19.57,5.58,6.6,6.02,8.89,88.11523367,-0.230722269,8.439634924,22.9,2.251771749,0.209939121
2661-31957,258,cz99,CZ,2014,11,239756,3767661,M,SY,21.5,59.46,20,5.47,6.28,5.12,9.28,83.0888425,-0.302359916,3.496665501,22.9,1.445847564,0.655464118
2661-31958,259,cz99,CZ,2014,11,239756,3767661,M,ASY,21.1,61.48,19.53,6.53,6.19,5.16,9.37,83.52670198,0.215999307,3.330897785,22.9,1.445847564,0.655464118
2661-31960,262,cz44,CZ,2014,11,248326,3765042,F,ASY,20.4,57.24,18.77,6.22,6.54,5.53,8.77,83.13745865,-1.71156568,5.186296,23,-0.329989124,1.739137311
2661-31962,264,cz62,CZ,2014,11,248376,3765103,M,ASY,22.8,62.51,20.03,6.51,6.49,5.28,9.01,83.28966881,1.518513345,1.577092345,23,-0.769437729,1.8515574
2661-31963,265,cz62,CZ,2014,11,248376,3765103,F,ASY,18.5,56.91,18.61,6.8,6.34,5.22,9.23,83.80104156,-2.86792326,7.196452583,23,-0.769437729,1.8515574
2661-31964,266,cz135,CZ,2014,11,241641,3767513,M,ASY,19.9,61.94,18.19,6.64,6.16,5.46,9.02,82.31946646,-0.270631616,2.690341986,23.6,-1.052204411,1.805074753
2661-31965,267,cz136,CZ,2014,11,241455,3767663,M,SY,20.6,59.93,18.88,6.82,5.8,4.79,8.9,74.0245623,-0.621759256,-5.195675474,23.5,-0.364042727,0.629650604
2661-31966,268,cz136,CZ,2014,11,241455,3767663,M,ASY,19.7,62.22,18.08,6.08,6.18,5.34,9.64,87.22066516,-0.277603304,7.599659187,23.5,-0.364042727,0.629650604
2661-31969,271,cz9,CZ,2014,11,253352,3765392,M,ASY,19.3,61.28,18.3,8.08,5.96,5.23,9.66,84.89792863,-0.838432908,5.930006438,23.7,-0.052836344,1.707301437
2661-31970,272,cz117,CZ,2014,11,254743,3765713,F,SY,20.2,58.2,20.43,4.87,5.85,4.73,9.46,78.6079889,-1.470615609,0.376240878,23.9,-0.270868807,0.256776787
2661-31971,273,cz117,CZ,2014,11,254743,3765713,M,SY,18.5,57.54,18.96,5.73,6.02,5.03,9.2,79.84357729,-2.638231044,2.971512666,23.9,-0.270868807,0.256776787
2661-31972,274,cz118,CZ,2014,11,254884,3765758,M,SY,19,62.39,18.59,8.02,6.44,5.28,9.22,84.8688689,-0.597322773,5.620174941,23.9,-0.662227505,1.665530403
2661-31973,275,cz10,CZ,2014,11,254977,3765824,M,SY,20.8,61.88,20.13,7.72,6.04,5.15,10.39,91.31361061,0.19824996,11.13847546,23.9,-0.253041803,1.052059995
2661-31974,276,cz10,CZ,2014,11,254977,3765824,M,SY,19.9,61.33,20.01,4.63,6.1,5.02,9.36,81.74675412,-0.493032017,2.376614002,23.9,-0.253041803,1.052059995
2661-31975,277,cz11,CZ,2014,11,254863,3765725,M,SY,21.2,60.11,18.92,4.71,6.4,5.26,9.85,90.20376446,-0.228961558,10.52611537,23.9,-0.380758483,1.94979113
2661-31976,278,cz12,CZ,2014,11,254804,3765771,M,SY,20.6,61.9,19.24,6.59,6.18,5.42,9.12,83.0888425,0.09648466,3.032212623,23.9,-0.335603026,1.660818791
2661-31978,281,cz26,CZ,2014,11,248717,3764922,M,ASY,21.7,61.1,19.86,5.49,6.07,4.91,9.76,84.1670371,0.404626146,3.751577723,23,-0.086012604,2.049267429
2661-31980,283,mi9,MI,2014,10,745292,3769513,F,SY,20.2,59.88,18.62,5.71,6.22,5.79,8.66,81.68659262,-0.858103031,2.741576205,21.4,1.923150711,-0.893599897
2661-31981,284,mi9,MI,2014,10,745292,3769513,M,SY,20.4,60.25,19.46,6.99,5.94,4.4,9.04,73.41399377,-0.614147311,-5.815108083,21.4,1.923150711,-0.893599897
2661-31982,285,mi5,MI,2014,10,745360,3769465,M,ASY,20.9,60.46,20.07,5.13,5.6,5.01,9.19,76.58095478,-0.264940446,-3.054797039,21.4,0.283406118,-1.133814237
2661-31983,286,mi8,MI,2014,10,745207,3769630,F,SY,18.4,56.29,18.11,5.92,5.82,4.89,8.81,74.10632225,-3.148498127,-2.171538442,21.4,0.43096166,-0.238803837
2661-31984,287,mi1,MI,2014,10,744532,3769691,F,SY,20,57.19,19.69,6.09,5.61,4.63,8.67,69.72827726,-1.947909455,-7.947664031,21.3,0.675460148,-1.166410186
2661-31985,288,mi1,MI,2014,10,744532,3769691,M,SY,19.6,66.06,20.22,6.18,5.41,4.45,9.12,70.62551613,1.067896888,-10.56231931,21.3,0.675460148,-1.166410186
2661-31986,289,mi2,MI,2014,10,744542,3769717,M,ASY,22.3,61.39,20.62,5.29,5.63,4.65,9.13,73.71464418,0.837528834,-7.204928607,21.3,0.119229735,-1.024114883
2661-31988,291,mi11,MI,2014,10,744738,3769835,F,ASY,18.9,58.34,18.19,5.13,5.59,4.8,8.87,72.38174496,-2.128444154,-5.083964413,21.4,0.495836214,-0.878562264
2661-31989,292,mi12,MI,2014,10,744586,3769789,M,ASY,20.3,59.9,18.48,4.29,5.42,4.92,9.21,74.79456666,-0.796282656,-4.222439328,21.3,0.55867834,-1.136534972
2661-31990,293,mi12,MI,2014,10,744586,3769789,M,ASY,22.2,59.98,19.87,5.22,5.8,4.8,9.12,75.92601125,0.268927219,-4.331427282,21.3,0.55867834,-1.136534972
2661-31991,294,mi11,MI,2014,10,744738,3769835,M,SY,20.5,60.5,20.15,7.88,6.12,5.29,9.17,82.17597422,-0.468471047,2.777232954,21.4,0.495836214,-0.878562264
2661-31992,295,mi13,MI,2014,10,744554,3769837,F,SY,20.1,56.52,19.44,5.7,5.95,4.82,9.17,77.56662948,-2.137656746,0.111648133,21.3,0.319435194,-0.36887344
2661-31993,296,mi14,MI,2014,10,744494,3769808,M,SY,23.1,61.7,19.15,4.94,5.9,5.17,8.84,76.85812179,1.386780456,-4.701052264,21.3,-0.360596437,-0.77828923
2661-31995,298,mi13,MI,2014,10,744554,3769837,M,SY,21,58.94,20.14,5.58,5.84,4.75,8.71,72.44426265,-0.764589935,-6.609649383,21.3,0.319435194,-0.36887344
2661-31996,299,mi14,MI,2014,10,744494,3769808,M,SY,20.2,61.06,19.24,6.78,5.89,5.1,8.79,75.87111192,-0.427885863,-3.574890627,21.3,-0.360596437,-0.77828923
2661-31998,302,mi7,MI,2014,10,744747,3769383,M,ASY,20,60.97,19.82,6.08,5.78,4.94,9.1,76.61716164,-0.569756154,-2.663633534,21.4,-0.134650192,-0.644103205
2541-49902,306,mi49,MI,2014,10,744368,3769968,F,SY,21.6,59.91,19.71,5.2,5.67,4.71,8.94,72.88275045,-0.083765489,-6.963978866,21.7,1.132344309,-1.283290653
2541-49903,307,mi37,MI,2014,10,744326,3769936,F,SY,20.6,60,18.6,5.06,5.71,4.85,8.93,74.06367513,-0.596237899,-5.18628216,21.3,1.792125257,-1.339843238
2541-49905,309,cz119,CZ,2014,11,255679,3765591,M,ASY,20.7,60.57,21.08,4.43,6.5,5.69,9.69,92.772095,-0.333892573,13.21663765,24,-0.799204055,1.359258085
2541-49906,310,cz119,CZ,2014,11,255679,3765591,M,SY,21.2,60.54,19.64,6.01,6.13,5.48,9.12,83.16047081,-0.072187506,3.30025898,24,-0.799204055,1.359258085
2541-49907,311,cz13,CZ,2014,11,255799,3765666,F,SY,18.5,57.01,19.29,5.11,5.92,5.23,8.98,78.63956191,-2.831464178,1.992516481,24,0.965545111,0.703428507
2541-49908,312,cz119,CZ,2014,11,255679,3765591,F,ASY,18.5,57.85,19,5.88,6.54,5.21,9.39,86.65494286,-2.525207889,9.651263235,24,-0.799204055,1.359258085
2541-49909,313,cz14,CZ,2014,11,257072,3764849,M,SY,21,61.29,20.63,6.87,6.18,5.37,8.9,80.73500421,0.092198493,0.683365557,24,0.386612261,1.594881348
2541-49910,314,cz120,CZ,2014,11,257052,3765162,M,ASY,20.9,61.58,19.83,5.76,6.51,5.57,9.76,92.59907178,0.143401272,12.4878077,24,-0.669952484,2.177157192
2541-49912,316,cz120,CZ,2014,11,257032,3765162,M,ASY,20.3,62.4,19.26,7.43,6.68,5.62,9.42,91.0009436,0.115194395,10.92252631,24,-0.669952484,2.177157192
2541-49913,317,cz120,CZ,2014,11,257032,3765162,M,SY,21.5,58.5,19.08,6.68,6.27,5.25,8.9,80.5253029,-0.652367104,1.340707839,24,-0.669952484,2.177157192
2541-49915,319,cz15,CZ,2014,11,257331,3765587,F,ASY,20.3,57.2,19.4,6.54,6.65,5.03,8.87,81.36850637,-1.780677871,3.497824584,23.9,-0.335603026,1.660818791
2541-49917,321,cz121,CZ,2014,11,257520,3765587,M,SY,20.7,61.5,20.05,5.35,6.71,5.22,9.8,91.82404088,0.00517689,11.87373853,23.9,0.065237795,0.996613178
2541-49918,322,cz1,CZ,2014,11,263359,3770450,M,ASY,22.4,65.54,19.27,5.94,6.15,5.01,8.49,74.41521934,2.405109297,-8.329794485,23.5,-0.909332391,-0.586790545
2541-49919,323,cz2,CZ,2014,11,263441,3770499,F,ASY,21.1,56.45,18.79,4.96,6.2,5.37,9.43,85.69094516,-1.617892519,7.630700497,23.5,0.454463329,-0.969007455
2541-49920,324,cz2,CZ,2014,11,263441,3770499,M,ASY,19.6,60.8,19.21,5.29,5.89,4.99,8.62,73.65903799,-0.849850827,-5.295588083,23.5,0.454463329,-0.969007455
2541-49921,325,cz3,CZ,2014,11,263151,3770287,M,ASY,20.5,61.33,18.8,5.6,6.51,5.14,8.8,80.51901971,-0.165860666,0.767889893,23.5,-0.574098797,-0.531683116
2541-49922,326,cz5,CZ,2014,11,262850,3770331,F,ASY,22.5,56.93,19.45,6.38,6.37,4.96,9.43,83.91343203,-0.679489108,4.760420432,23.5,-0.574098797,-0.531683116
2541-49923,327,cz5,CZ,2014,11,262850,3770331,M,ASY,21.8,57.85,20.46,4.8,6.23,4.96,9.63,84.63427047,-0.725765462,5.535147497,23.5,-0.574098797,-0.531683116
2541-49924,328,cz4,CZ,2014,11,263070,3770179,M,ASY,22.5,61.78,19.47,7.21,6.47,5.17,9.91,90.5975631,1.088776371,9.385413584,23.5,-0.909332391,-0.586790545
2541-49925,329,cz4,CZ,2014,11,263070,3770179,M,ASY,21,60.99,19.22,5.81,6.21,5.52,9.43,86.87595391,-0.017178753,6.951684613,23.5,-0.909332391,-0.586790545
2541-49927,331,cz7,CZ,2014,11,263799,3770449,M,SY,23.4,63.97,19.95,6.03,6.54,5.61,9.42,89.891176,2.377987293,7.177745637,23.5,-0.405751894,-0.489316891
2541-49928,332,cz8,CZ,2014,11,264014,3770456,M,ASY,22.6,62.85,19.1,6.83,6.2,5.5,9.61,88.3078133,1.533417107,6.577881465,23.4,0.300681408,-0.154190189
2541-49929,333,cz16,CZ,2014,11,258914,3765717,M,ASY,21.7,60.67,18.62,6.15,6.32,5.18,9.1,82.1919178,0.247852093,1.959021166,24.1,0.070676112,1.010357824
2541-49930,334,cz122,CZ,2014,11,258903,3765814,M,SY,23.1,59.62,20.4,6.25,6.58,5.68,9.55,91.95677317,0.628431549,11.28069332,24.1,-1.261575026,-0.860657222
2541-49931,335,cz122,CZ,2014,11,258903,3765814,F,ASY,18.7,57.18,18.53,6.07,5.89,5.02,8.81,75.49019381,-2.660426622,-1.356024154,24.1,-1.261575026,-0.860657222
2541-49932,336,cz45,CZ,2014,11,246747,3765700,F,ASY,19.1,58.08,18.58,5.37,6.4,5.42,9.18,85.22166975,-2.11418065,7.739350586,23,2.733460412,-0.003149313
2541-49933,337,cz45,CZ,2014,11,246747,3765700,M,SY,20.5,61.45,19.95,7.83,6.5,5.27,9.66,89.29835746,-0.122109768,9.4962799,23,2.733460412,-0.003149313
2541-49934,338,cz46,CZ,2014,11,246600,3765793,F,SY,19.8,54.89,19.31,6.13,5.81,4.7,9.1,75.11626575,-2.895525458,-1.456180581,23,-0.317072902,0.035854949
2541-49936,340,cz47,CZ,2014,11,247208,3765556,M,SY,22.7,61.26,20.17,5.64,6,5.27,9.49,84.00013999,1.008246261,2.881767457,23.1,0.67722172,-0.274999429
2541-49938,342,cz123,CZ,2014,11,259528,3766092,M,ASY,19.2,60.8,18.96,4.37,6.45,5.38,9.29,86.31580794,-1.06796506,7.615175,23.8,-0.317072902,0.035854949
2541-49941,345,cz214,CZ,2014,11,236447,3767846,M,SY,20.1,58.92,19.15,4.37,6.24,5.67,9.15,85.58994295,-1.262638777,7.116006757,22.8,-0.906414278,1.545285081
2541-49942,346,cz214,CZ,2014,11,236447,3767846,F,ASY,19.4,58.56,18.26,6.24,6.38,5.67,9.41,89.05669045,-1.775591381,11.18008547,22.8,-0.906414278,1.545285081
2541-49943,347,cz214,CZ,2014,11,236447,3767846,M,SY,21.4,60.79,19.46,6.41,6.08,5.2,9.22,81.68266563,0.128017316,1.589316104,22.8,-0.906414278,1.545285081
2541-49944,348,cz214,CZ,2014,11,236447,3767846,F,SY,20.9,57.14,17.94,5.47,6.05,5.46,9.48,85.69856352,-1.47538197,7.472365905,22.8,-0.906414278,1.545285081
2541-49945,349,cz215,CZ,2014,11,236746,3768039,M,SY,21.3,60.53,19.15,5.62,6.14,4.9,8.81,76.38971033,-0.021304855,-3.529754138,22.8,0.887082634,0.162858198
2541-49948,351,cz216,CZ,2014,11,236345,3767863,M,ASY,22.7,59.66,19.07,7.42,6.27,5.19,8.57,77.1356815,0.424900949,-3.303387802,22.8,0.082191791,1.107167423
2541-49947,352,cz216,CZ,2014,11,236345,3767863,M,ASY,21.9,63.22,18.49,6.51,5.95,5,9.3,79.98102197,1.286615802,-1.461510754,22.8,0.082191791,1.107167423
2541-49949,353,cz114,CZ,2014,11,237760,3768024,M,ASY,21.4,59.21,20.18,5.67,6.17,5.27,9.07,81.49354175,-0.44803618,2.071004164,22.9,0.841392226,0.106181748
2541-49950,354,cz101,CZ,2014,11,237519,3768039,M,SY,20.9,59.94,18.29,4.26,6.12,5.71,9.17,85.2008567,-0.454527673,5.785878431,22.8,-0.471698153,-0.394387318
2541-49951,355,cz101,CZ,2014,11,237519,3768039,M,SY,23.1,62.06,19.72,6.44,6.41,5.59,9.18,86.51946168,1.518033151,4.807444399,22.8,-0.471698153,-0.394387318
2541-49953,357,cz104,CZ,2014,11,237567,3768073,M,SY,22.4,60.05,19.02,4.96,6.22,5.07,9.34,82.81913677,0.403505693,2.404982155,22.8,-0.364042727,0.629650604
2541-49954,358,cz108,CZ,2014,11,238239,3768139,M,ASY,20.4,62.17,18.98,6.35,6.31,5.42,9.61,88.53424359,0.085867064,8.48997786,22.9,-0.067682237,0.250603674
2541-49955,359,cz109,CZ,2014,11,238479,3768081,M,SY,20.2,57.65,19.13,4.28,5.82,5.02,8.45,71.94090097,-1.67114056,-6.057336567,22.9,-0.253041803,1.052059995
2541-49956,360,cz110,CZ,2014,11,238694,3768044,M,SY,21.1,58.06,20,5.17,6.03,4.87,9.13,78.16046903,-1.030901298,-0.583324509,22.9,-0.239700831,-0.137250852
2541-49957,361,cz111,CZ,2014,11,238845,3767990,M,SY,19.7,59.09,20.74,5.23,6.09,4.93,9.45,81.79057934,-1.418772571,3.498460312,22.9,-1.025778169,-0.22037892
2541-49958,362,cz112,CZ,2014,11,238308,3768105,M,SY,20.4,59.23,18.83,6.58,6.04,4.91,9,77.400989,-0.986029947,-1.395057044,22.9,-0.564248185,-0.025590839
2541-49959,363,cz102,CZ,2014,11,237158,3768005,M,SY,19.5,56.84,19.23,6.01,6.05,4.64,9.21,77.32629764,-2.348159034,0.116445347,22.8,0.196754077,2.095750076
2541-49960,364,cz102,CZ,2014,11,237158,3768005,F,SY,20,58.63,18.8,5.89,6.23,4.96,9.61,84.45849836,-1.422898673,6.171184161,22.8,0.196754077,2.095750076
2541-49961,365,cz103,CZ,2014,11,237282,3768053,M,ASY,22.3,61.87,20.29,5.98,6.15,5.25,8.64,77.3585775,1.012532428,-3.764786256,22.8,-1.206104982,0.564443846
2541-49962,366,cz217,CZ,2014,11,237119,3768053,M,ASY,21.5,59.14,19.34,6.2,6.32,5.48,8.88,82.29716115,-0.419028979,2.840844797,22.8,-0.595416162,0.3684368
2541-49963,367,cz115,CZ,2014,11,239031,3767957,M,SY,21.4,59.41,19.22,6.09,5.81,4.95,9.04,76.39599351,-0.375118016,-3.11145698,22.9,-0.564248185,-0.025590839
2541-49964,368,cz100,CZ,2014,11,239006,3767988,M,ASY,21.5,60.96,19.42,5.32,6.33,5.34,9.13,83.68189666,0.244526314,3.452872882,22.9,-0.847014867,-0.072073486
2541-49973,373,cz35,CZ,2015,11,247330,3765585,M,SY,19,62.55,18.29,7.4,5.77,4.66,9.21,75.4455832,-0.538988242,-3.871041082,23.1,-0.51327056,2.018254456
2541-49974,374,cz198,CZ,2015,11,245342,3766327,M,ASY,19,59.95,19.39,5.57,5.86,5.08,9.04,77.6739934,-1.486924375,-0.538763132,23.2,-0.317072902,0.035854949
2541-49975,375,cz79,CZ,2015,11,244829,3766610,M,SY,21.6,61.13,19.72,5.7,6.4,5.13,9.32,84.39857248,0.361035312,4.033874451,23.3,-0.067682237,0.250603674
2541-49976,376,cz79,CZ,2015,11,244829,3766610,M,SY,21.1,60.94,20.31,4.7,5.86,5.15,9.6,83.01344428,0.019120264,3.046904926,23.3,-0.067682237,0.250603674
2541-49977,377,cz199,CZ,2015,11,245103,3762916,M,SY,22.7,62.7,18.5,6.22,6.21,5.17,9.26,82.76431598,1.533257042,1.034570539,23,0.142502588,-0.675939078
2541-49979,378,cz58,CZ,2015,11,245001,3763524,M,SY,20.2,60.46,19.03,6.93,6.04,5.34,9.28,82.9430726,-0.646640355,3.751808764,23,0.843142575,-0.870773724
2541-49978,379,cz59,CZ,2015,11,244964,3763634,M,SY,22.1,61.69,18.8,6.07,6.28,5.03,9.25,82.16639236,0.837848963,1.246446784,23,2.282072807,-0.767869414
2541-49980,380,cz125,CZ,2015,11,260636,3767164,M,SY,20.5,61.17,18.7,7.65,6.23,4.99,9.65,85.03741535,-0.224195198,5.354215856,23.8,-0.574098797,-0.531683116
2541-49981,381,cz125,CZ,2015,11,260636,3767164,M,SY,20.8,61.47,19.84,6.38,6.4,5,8.4,75.20972813,0.048767724,-4.79133557,23.8,-0.574098797,-0.531683116
2541-49982,382,cz126,CZ,2015,11,260681,3767088,M,SY,20,61.52,19.77,6.23,6.08,5.04,9.25,80.78605509,-0.369231203,1.27174943,23.8,-0.621068622,0.062112539
2541-49983,383,cz127,CZ,2015,11,260364,3767277,M,SY,20.2,61.88,19.4,6.57,6.18,5.2,9.21,82.31742443,-0.12892139,2.523278977,23.8,-0.574098797,-0.531683116
2541-49984,384,cz186,CZ,2015,11,240859,3764413,M,SY,21.2,60.19,19.79,6.36,6.05,5.06,8.94,78.00841594,-0.199794293,-1.703198308,22.8,0.92829425,0.584161353
2541-49985,385,cz187,CZ,2015,11,241122,3764228,M,ASY,20.7,62.35,19.02,7.89,5.79,5.02,8.93,75.81707653,0.315079087,-4.494105663,22.8,-0.232389376,0.160346269
2541-49986,386,cz60,CZ,2015,11,244057,3763183,M,SY,21.2,61.86,18.63,5.92,5.93,5.11,8.87,76.90995807,0.409072377,-3.510678925,22.9,2.314653658,-0.17710143
2541-49987,387,cz18,CZ,2015,11,260919,3767208,M,SY,20.9,61.67,20.13,6.27,5.77,5.31,9.27,80.669502,0.176214446,0.520027113,24.3,-1.261575026,-0.860657222
2541-49988,388,cz20,CZ,2015,11,260741,3767100,M,SY,21.4,60.32,19.78,7.88,6.32,5.19,9.32,84.25217426,-0.043340369,4.358370058,24.3,-0.407566261,-0.184493575
2541-49989,389,cz19,CZ,2015,11,260389,3767097,M,SY,20.2,63.25,19.83,7.42,6.31,5.32,9.42,86.04398163,0.370568033,5.668182786,23.8,-0.776302892,-0.981538884
2541-49990,390,cz177,CZ,2015,11,234962,3769976,M,SY,20,62.18,19.68,6.76,5.91,4.97,9.21,78.70066588,-0.128601261,-1.093852362,22.8,-0.364042727,0.629650604
2541-49991,391,cz178,CZ,2015,11,234851,3769967,M,SY,20.9,63.07,18.69,6.75,5.85,5.39,9.1,80.33366574,0.686641595,-0.410199474,22.8,-0.028809133,0.684758032
2541-49992,392,cz176,CZ,2015,11,234965,3770142,M,SY,20.7,64.12,19.7,6.57,5.78,4.84,9.11,75.98585859,0.960404839,-5.076802802,22.8,0.359870113,0.782991762
2541-49993,393,cz181,CZ,2015,11,234746,3770461,M,SY,22,64.94,20.09,5.9,6.3,4.86,9.24,80.98900197,1.968240571,-1.247280011,22.8,-0.229014592,0.029516589
2541-49994,394,cz181,CZ,2015,11,234746,3770461,M,SY,20.6,64.01,18.52,6.56,6.4,5.59,8.85,83.33977722,0.86577129,2.387316208,22.8,-0.229014592,0.029516589
2541-49995,395,cz180,CZ,2015,11,234522,3770537,M,SY,22.2,64.08,19.68,7.56,5.97,5.66,9.28,84.76519634,1.763749582,2.767043279,22.9,0.701634325,1.199443072
2541-49996,396,cz179,CZ,2015,11,234661,3770621,M,SY,20.6,60.06,18.95,6.86,6.08,5.66,9.34,86.12016525,-0.57436245,6.844734089,23.1,2.187545144,1.030141939
2541-49997,397,cz106,CZ,2015,11,240913,3771248,M,SY,19.5,60.98,20.02,6.03,6.17,5.99,9.46,90.34717817,-0.838753038,11.37962877,23.2,-0.909332391,-0.586790545
2541-49998,398,cz107,CZ,2015,11,240878,3771109,M,SY,19.1,58.88,18.49,5.57,5.9,5.1,8.8,76.02654222,-1.822507994,-1.79542856,23.2,0.254029054,-0.545869475
2541-49999,399,cz140,CZ,2015,11,240863,3769051,M,SY,20.3,62.66,19.32,7.68,6.3,4.97,9.06,80.19402195,0.209988008,0.005217889,23.7,-0.00901905,0.784880012
2541-50000,400,cz139,CZ,2015,11,240929,3769154,M,SY,19.9,58.97,18.81,5.15,6.19,5.17,9.49,84.67094856,-1.353466353,6.302780708,23.7,-0.643574751,-0.759067146
2301-83309,401,cz138,CZ,2015,11,240979,3769177,M,SY,23.3,63.38,20.27,7.82,6.49,5.12,9.8,89.36103224,2.108350151,6.961593227,23.7,0.236549516,-0.364083932
2301-83310,402,cz137,CZ,2015,11,241038,3768795,F,ASY,21.6,59.9,19.55,6.06,5.64,5.12,9.85,83.24120975,-0.087411397,3.398726079,23.7,-0.182044767,-0.564279066
2301-83311,403,cz137,CZ,2015,11,241038,3768795,M,SY,19.6,59.99,19.1,6.8,6.08,5.08,10.03,87.91338634,-1.145169391,9.302657528,23.7,-0.182044767,-0.564279066
2301-83318,404,ro97,RO,2015,10,773380,3765236,M,SY,22.6,60.06,18.91,4.59,5.88,4.45,9.14,74.15431007,0.516208718,-6.391086757,22.3,-0.077829755,-0.731806583
2301-83312,405,ro131,RO,2015,10,768779,3766321,M,SY,21.6,62.49,20.48,6.61,5.86,4.54,8.8,71.87963991,0.856878828,-9.062465866,22.2,-0.01437811,-1.461392657
2301-83313,406,ro131,RO,2015,10,768779,3766321,M,SY,22.5,62.93,20.64,6.61,6.41,5.39,9.2,85.26282462,1.508055814,3.562425907,22.2,-0.01437811,-1.461392657
2301-83314,407,ro132,RO,2015,10,768602,3766771,M,SY,19.9,63.29,20.16,5.89,6,5.25,9.19,81.20035262,0.221565991,0.998066045,22.2,1.711269174,0.146651106
2301-83315,408,ro119,RO,2015,10,768649,3766708,M,SY,22.6,60.61,20.39,4.81,5.91,4.86,8.97,75.87488183,0.71673367,-4.904025482,22.2,2.282072807,-0.767869414
2301-83316,409,ro134,RO,2015,10,768576,3766851,M,ASY,21.3,60.48,19.99,5.74,5.51,4.5,9.53,74.92329342,-0.039534396,-4.974942822,22.1,-0.933652887,-1.103146914
2301-83317,410,ro133,RO,2015,10,768650,3766706,M,SY,22.2,61.65,20.42,6.87,5.25,4.92,8.63,68.93211915,0.877793889,-12.03434213,22.2,1.12191515,0.369922262
2301-83319,411,ro98,RO,2015,10,773282,3765170,F,ASY,21.4,59.6,18.37,4.31,5.97,4.9,9.42,80.4211591,-0.30584576,0.833041352,22.2,-0.82212642,-0.973077311
2301-83320,412,ro98,RO,2015,10,773282,3765170,M,SY,20.6,62.21,20.1,6.15,5.89,5.11,9.27,80.08705072,0.209507814,-0.101194157,22.2,-0.82212642,-0.973077311
2301-83321,413,ro98,RO,2015,10,773282,3765170,M,SY,20.9,59.14,19.92,4.92,6.2,5.03,9.65,85.11320627,-0.746200329,6.037879617,22.2,-0.82212642,-0.973077311
2301-83322,414,ro30,RO,2015,10,773805,3764838,M,ASY,20.8,61.78,20.85,7.71,6.46,5.5,9.31,87.45220054,0.161790878,7.319521839,22.2,-0.452721719,0.104478764
2301-83324,416,ro30,RO,2015,10,773805,3764838,M,SY,22,63.04,20.9,4.72,5.71,4.81,9.38,77.50120581,1.275518012,-3.928403584,22.2,-0.452721719,0.104478764
2301-83325,417,ro31,RO,2015,10,774004,3764761,M,ASY,19,58.63,19.53,5.87,6.04,5.13,9.78,85.7989374,-1.968184257,8.146606034,22.2,-0.491459085,-0.828107837
2301-83326,418,ro11,RO,2015,10,772191,3766979,M,SY,22.5,62.52,19.77,5.96,5.98,4.91,8.97,76.72028441,1.358573578,-4.806042851,22.4,-1.261575026,-0.860657222
2301-83327,419,ro50,RO,2015,10,775851,3764206,M,SY,21.9,62.79,19.82,6.26,6.02,5.01,9.19,79.61243461,1.129841749,-1.647535371,22.3,0.646083084,-0.578465424
2301-83328,420,ro49,RO,2015,10,775803,3763935,M,ASY,21.4,61.77,19.15,7.93,6.09,5.04,9.58,83.74339333,0.48531632,3.233970575,22.3,-0.864176933,-0.875762884
2301-83330,421,ro100,RO,2015,10,776717,3763324,M,ASY,21.6,62.75,20.75,7.42,6.03,5.08,9.21,80.36437481,0.951672441,-0.688117741,22.3,-0.933652887,-1.103146914
2301-83331,422,ro43,RO,2015,10,776967,3763156,M,ASY,22.3,62.3,19.05,5.72,5.91,4.83,9.68,81.65250634,1.169306481,0.34657984,22.3,-0.581410252,-0.829280237
2301-83332,423,ro42,RO,2015,10,777069,3763049,M,SY,22.8,61.01,19.58,6.09,6.31,5.41,9.77,89.93154546,0.971627114,8.855815774,22.3,-0.845200499,-0.376896802
2301-83334,425,ro41,RO,2015,11,222824,3763001,M,ASY,20.2,59.79,19.15,5.41,6.11,4.86,9.48,81.67795324,-0.890916205,2.771147632,22.3,-0.909332391,-0.586790545
2301-83335,426,ro22,RO,2015,10,766931,3766374,M,SY,22.1,61.73,19.4,4.62,6.25,5.43,9.37,85.95523164,0.852432596,5.018303483,22.2,0.018160691,0.090962377
2301-83336,427,ro23,RO,2015,10,766788,3766208,M,SY,22,61.69,20.12,6.48,6.25,4.91,9.47,83.00496198,0.783320405,2.148514687,22.2,-0.544973641,-1.004913184
2301-83337,428,ro24,RO,2015,10,766949,3766427,M,ASY,20.8,64.11,20.87,6.7,5.91,5.01,9.67,82.93521862,1.011287489,1.813304589,22.2,-0.800045042,-0.665869141
2301-83338,429,ro25,RO,2015,10,766814,3766248,M,ASY,22.4,63.19,19.63,6.42,6.26,5.35,9.4,85.71364316,1.548320869,3.966355955,22.2,-0.11230154,-1.069281604
2301-83339,430,ro26,RO,2015,10,766960,3766481,M,SY,21.9,62.66,19.15,5.62,5.84,4.92,9.07,76.64952004,1.082444942,-4.555256554,22.2,-1.192099072,-0.633273191
2301-83340,431,ro27,RO,2015,10,766675,3765938,F,SY,20.5,57.97,20.3,5.13,5.87,5.07,8.92,76.6429227,-1.390885823,-1.681670333,22.2,-0.909332391,-0.586790545
2301-83341,432,ro28,RO,2015,10,766924,3766562,M,SY,21.8,63.92,19.62,5.28,5.45,4.64,9.36,74.17488751,1.487300818,-7.501342095,22.2,-0.475497687,-0.777529153
2301-83342,433,ro29,RO,2015,10,766613,3765846,M,SY,20.6,61.82,19.07,5.92,5.97,5.29,9.5,84.01404154,0.067317394,3.991376825,22,-0.520653145,-0.488556814
2301-83343,434,ro12,RO,2015,10,772166,3766983,M,SY,21.9,63.1,20.69,7.28,5.89,5.21,9.39,81.86126517,1.242864903,0.469680188,22.4,-0.544973641,-1.004913184
2301-83344,435,ro9,RO,2015,10,772011,3767599,F,SY,21.7,56.49,19.2,3.81,5.96,5.08,9.85,85.40733788,-1.276137536,6.949120936,22.4,0.755500789,-0.644947621
2301-83345,436,ro9,RO,2015,10,772011,3767599,M,ASY,21.2,61.57,20.67,7.44,6.27,5.25,9.32,84.32537337,0.303341039,4.027860085,22.4,0.755500789,-0.644947621
2301-83347,438,ro10,RO,2015,10,772111,3767419,M,SY,22.5,62.63,19.05,4.5,5.98,4.94,8.88,76.15974575,1.398678568,-5.413283608,22.4,-0.360596437,-0.77828923
2301-83348,439,ro8,RO,2015,10,772061,3767716,F,SY,22.3,60.63,21.18,5.29,5.75,4.86,9.27,77.24760074,0.560439811,-3.349303013,22.4,-0.800045042,-0.665869141
2301-83349,440,ro8,RO,2015,10,772061,3767716,F,ASY,19.8,57.69,19.86,5.3,5.99,4.98,9.17,79.00704971,-1.874671161,1.245822725,22.4,-0.800045042,-0.665869141
2301-83353,444,ro4,RO,2015,10,770988,3767980,M,SY,20.7,61.3,19.43,5.06,5.69,4.89,8.77,72.87442523,-0.067741274,-6.990964218,22.3,-0.800045042,-0.665869141
2301-83355,446,ro5,RO,2015,10,771072,3767850,M,SY,23.1,61.18,21.04,5.47,6.41,5.25,9.35,85.62489317,1.197193229,4.286492666,22.3,-1.261575026,-0.860657222
2301-83356,447,ro5,RO,2015,10,771072,3767850,M,SY,23.1,59.52,19.61,5.98,5.94,4.99,9.3,79.83493791,0.591972467,-0.798685492,22.3,-1.261575026,-0.860657222
2301-83357,448,ro108,RO,2015,11,225131,3760003,M,SY,20.9,61.75,20.32,3.6,5.48,4.27,9.02,69.07184148,0.205381712,-11.11159857,22.4,-0.800045042,-0.665869141
2301-83358,449,ro48,RO,2015,11,225235,3759976,F,SY,22.8,59.77,18.78,7.33,6.04,5.07,9.59,83.68016878,0.519534497,3.130899098,22.4,-1.192099072,-0.633273191
2301-83359,450,ro48,RO,2015,11,225235,3759976,M,SY,21.5,62.82,20.82,7.07,6.2,4.84,9.09,78.81753313,0.92266524,-2.201180654,22.4,-1.192099072,-0.633273191
2301-83360,451,ro107,RO,2015,11,225328,3760826,M,SY,19.6,61.43,18.48,5.29,5.71,4.69,8.4,68.61238355,-0.62015861,-10.60971817,22.4,-1.261575026,-0.860657222
2301-83362,453,ro47,RO,2015,11,224582,3761173,M,SY,20.4,59.42,19.13,4.75,5.67,4.45,9.23,73.36215749,-0.916757692,-5.514555812,22.3,-0.105525036,-1.117333273
2301-83363,454,ro46,RO,2015,11,224465,3761375,F,ASY,22.6,60.97,20.02,6.03,5.84,5.55,9.66,86.41531788,0.847986365,5.483567341,22.3,-0.316665367,-0.904718795
2301-83364,455,ro46,RO,2015,11,224465,3761375,M,SY,21.4,62.16,20.32,7.64,5.94,4.84,9.35,79.16263708,0.62750674,-1.512365838,22.3,-0.316665367,-0.904718795
2301-83365,456,ro104,RO,2015,11,224023,3762188,M,ASY,23,63.28,19.63,6.64,6.16,5.08,9.4,82.98202835,1.908305393,0.815540639,22.3,-0.544973641,-1.004913184
2301-83366,457,ro105,RO,2015,11,223837,3762291,M,SY,21.8,61.76,19.11,4.51,5.93,4.71,9.52,79.55517909,0.699784646,-1.203991153,22.3,-0.544973641,-1.004913184
2301-83367,458,ro105,RO,2015,11,223837,3762291,M,ASY,23.8,60.75,19.44,4.14,6.26,5.85,10.45,99.39174488,1.422119085,17.79141914,22.3,-0.544973641,-1.004913184
2301-83370,462,ro20,RO,2015,10,766391,3765115,M,SY,24,61.19,20.32,5.39,6.23,4.99,9.58,84.42056363,1.691596163,2.506432931,22,0.119229735,-1.024114883
2301-83372,464,ro126,RO,2015,10,766551,3765645,F,SY,19.6,59.88,20.23,8.89,5.78,4.92,9.22,77.48267041,-1.185274382,-1.081356305,22,-1.192099072,-0.633273191
2301-83373,465,ro127,RO,2015,10,766503,3765752,M,ASY,22.7,62.79,19.21,6.2,6.08,5.31,9.01,80.60062258,1.566070216,-1.167333667,22.3,-0.978808344,-0.814174575
2301-83374,466,ro126,RO,2015,10,766551,3765645,M,ASY,22.3,62.9,19.26,5.32,5.98,4.59,9.05,75.13001021,1.388060973,-6.430655001,22,-1.192099072,-0.633273191
2301-83375,467,ro128,RO,2015,10,766599,3765515,M,SY,24.8,61.66,20.96,5.1,5.76,5.16,9.41,80.70531616,2.299182316,-1.916346129,22,-0.650886205,-1.056664267
2301-83376,468,ro129,RO,2015,10,766912,3766735,M,SY,21.1,63.24,19.32,5.71,5.89,4.61,9.49,78.26099999,0.857679151,-2.682037759,22.2,-0.933652887,-1.103146914
2301-83377,469,ro130,RO,2015,10,766738,3766891,F,SY,19.9,59.85,19.64,6.38,5.72,4.75,9.03,74.2547625,-1.032626431,-4.487022129,22.1,-0.650886205,-1.056664267
2301-83378,470,ro130,RO,2015,10,766738,3766891,F,SY,18.9,59.89,18.55,7.24,6.05,5.27,8.75,77.79368808,-1.563328382,-0.330096297,22.1,-0.650886205,-1.056664267
2301-83387,471,mi31,MI,2015,10,743528,3768986,M,SY,20,61.19,19.41,6.31,5.7,4.65,8.84,71.85921956,-0.489546173,-7.514979808,21.2,0.062409298,-0.936411505
2301-83388,472,mi32,MI,2015,10,743545,3769054,M,SY,23.1,63.82,19.48,5.87,5.72,4.41,8.22,65.39900551,2.159712995,-17.06024533,21.2,0.565989795,-0.838937851
2301-83380,473,ro44,RO,2015,10,776781,3762992,M,SY,22.2,63.36,20.84,5.72,5.96,4.83,8.28,70.1684144,1.501244192,-11.52405221,22.3,-1.192099072,-0.633273191
2301-83382,475,ro101,RO,2015,10,776432,3763116,M,SY,21.4,61.86,19.91,6,5.79,4.84,9.62,80.31528743,0.518129494,-0.232346132,22.3,0.55867834,-1.136534972
2301-83384,477,ro102,RO,2015,10,776367,3763030,M,ASY,22.4,60.88,19.8,5.19,6.05,4.84,9.48,81.08230727,0.706116074,0.315764104,22.3,-0.297144791,-1.507875303
2301-83385,478,ro103,RO,2015,10,776429,3762924,M,ASY,21.3,61.59,18.62,6.3,5.55,4.59,9.88,78.68370128,0.365161414,-1.685801578,22.3,-0.800045042,-0.665869141
2301-83386,479,ro45,RO,2015,10,776467,3762697,M,ASY,24.3,64,21.4,6.28,6.04,4.78,9.89,84.04530039,2.879682043,0.747648542,22.3,-1.192099072,-0.633273191
2301-83389,480,mi32,MI,2015,10,743545,3769054,F,SY,20.8,56.22,18.55,6.31,5.8,4.69,8.67,71.43062778,-1.865334083,-6.341472194,21.2,0.565989795,-0.838937851
2301-83390,481,mi33,MI,2015,10,743583,3769092,M,SY,21.3,60.19,19.94,5.15,5.7,4.86,8.84,73.31723271,-0.145265734,-6.457879822,21.2,1.043073884,-1.047589477
2301-83391,482,mi33,MI,2015,10,743583,3769092,F,ASY,20,57.33,19.71,4.62,5.67,4.86,8.62,71.28949173,-1.89686674,-6.445888594,21.2,1.043073884,-1.047589477
2301-83393,484,mi34,MI,2015,10,742581,3768898,M,SY,21.3,59.31,20.51,5.04,5.4,4.55,8.84,69.08205166,-0.466105656,-10.31944409,21.2,1.551909722,-1.110060641
2301-83395,486,mi35,MI,2015,10,742526,3768927,M,ASY,21.1,62.18,20.47,5.48,5.89,4.67,9.49,78.70820571,0.471212881,-1.784793648,21.2,1.684718336,-0.691736788
2301-83396,487,mi36,MI,2015,10,742310,3768936,M,SY,22.4,60.03,19.42,6.02,5.67,4.62,8.7,70.31119978,0.396213877,-10.09446354,21.3,1.043073884,-1.047589477
2301-83398,489,mi38,MI,2015,10,742108,3769029,M,SY,19.5,60.68,19.28,5.67,5.42,4.43,8.19,63.35924794,-0.948130284,-15.48093211,21.2,0.603625279,-0.935169388
2421-41110,493,mi39,MI,2015,10,741840,3768984,F,SY,20,58.28,19.08,7.02,5.96,4.97,8.73,74.94182881,-1.55050546,-3.196887807,21.2,0.931547418,-1.17765908
2421-41112,495,mi50,MI,2015,10,741720,3768956,M,SY,20.7,60.03,20.26,4.62,5.87,4.47,8.65,70.24679713,-0.530771616,-9.079395379,21.2,0.213930164,-1.361198267
2421-41113,496,mi50,MI,2015,10,741720,3768956,M,SY,20.7,60.44,20.2,6.66,5.63,4.84,8.79,72.281214,-0.38128938,-7.219049962,21.2,0.213930164,-1.361198267
2421-41114,497,mi51,MI,2015,10,741799,3768806,M,SY,22.1,59.81,21.56,6.97,5.72,4.57,8.82,71.28100943,0.152418221,-8.84075485,21.3,0.618639711,-1.078706808
2421-41117,500,mi57,MI,2015,10,741026,3769280,M,SY,19.4,58.04,19.87,3.72,5.7,4.95,8.87,74.1930302,-1.965178608,-3.462801233,21.2,-1.261575026,-0.860657222
2421-41118,501,mi58,MI,2015,10,740916,3769230,M,SY,22.3,62.15,20.68,5.68,5.77,4.93,8.71,73.19675263,1.114617858,-8.045489192,21.2,-1.482286941,-0.804194525
2421-41119,502,mi59,MI,2015,10,740818,3769285,M,SY,22.7,62.14,20.21,7.35,5.82,4.68,8.94,73.7253256,1.329086183,-7.76666371,21.2,-1.261575026,-0.860657222
2421-41120,503,mi60,MI,2015,10,739793,3769208,M,SY,21.3,60.87,19.02,5.97,5.68,4.54,8.7,69.8328923,0.102656024,-10.2309241,21.3,-0.087344338,-0.90136245
2421-41121,504,mi60,MI,2015,10,739793,3769208,F,SY,21.5,55.38,19.24,3.79,5.63,4.84,9.56,78.61301545,-1.789890463,0.753061689,21.3,-0.087344338,-0.90136245
2421-41123,505,mi61,MI,2015,10,739663,3769269,M,SY,21.5,59.19,20.86,5.24,5.9,5.05,9.12,78.43300219,-0.400799438,-1.044542389,21.3,-1.261575026,-0.860657222
2421-41124,506,mi61,MI,2015,10,739663,3769269,M,SY,22.3,60.42,20.31,4.07,5.46,5.15,9.06,75.49765509,0.483875738,-5.010090114,21.3,-1.261575026,-0.860657222
2421-41125,507,mi62,MI,2015,10,739436,3769276,M,SY,23.6,61.77,19.59,5.62,5.63,5.08,8.62,72.50811552,1.684944605,-9.398269467,21.3,1.159855692,-1.077464691
2421-41126,508,mi62,MI,2015,10,739436,3769276,M,SY,21.4,61.78,20.72,4.83,5.95,5.05,9.25,79.91426313,0.488962228,-0.59940527,21.3,1.159855692,-1.077464691
2421-41127,509,mi62,MI,2015,10,739436,3769276,M,ASY,22.5,59.81,20.45,5.67,5.93,4.96,8.82,75.43733651,0.370532455,-4.938420903,21.3,1.159855692,-1.077464691
2421-41129,511,mi63,MI,2015,10,739281,3769469,M,SY,20.7,61.06,19.57,4.74,5.85,4.78,9.34,77.97762833,-0.155243071,-1.785865634,21.3,1.03576243,-1.345186598
2421-41130,512,mi64,MI,2015,10,739193,3769948,F,ASY,19.8,57.56,19.86,5.3,6,4.86,9.27,79.06776099,-1.922067968,1.361727393,21.3,-1.192099072,-0.633273191
2421-41133,515,mi65,MI,2015,10,738769,3769970,M,ASY,22.4,58.54,19.98,4.05,5.63,4.62,8.82,71.00392096,-0.147026445,-8.769141231,21.3,0.214946033,-1.033403118
2421-41134,516,mi65,MI,2015,10,738769,3769970,M,ASY,21.2,60.21,19.35,5.06,5.65,4.75,9.32,76.12707318,-0.192502476,-3.593032359,21.3,0.214946033,-1.033403118
2421-41122,517,mi61,MI,2015,10,739663,3769269,M,ASY,22,62.1,20.16,5.82,5.65,4.74,9.13,74.50341956,0.932802641,-6.527099186,21.3,-1.261575026,-0.860657222
2421-41135,518,mi22,MI,2015,10,744959,3768961,M,SY,22.8,61.86,20.13,5.91,5.79,4.92,8.9,74.86336754,1.281529312,-6.573241988,21.4,1.049783086,-0.674531857
2421-41136,519,mi23,MI,2015,10,745061,3768930,M,ASY,21.7,61.6,19.61,5.37,5.65,5.03,9.8,82.20291337,0.586921556,1.575171733,21.4,0.476117117,-0.527776176
2421-41137,520,mi23,MI,2015,10,745061,3768930,F,SY,19.1,58.44,19.34,7.66,5.78,4.68,8.84,72.62294074,-1.982927955,-5.012221651,21.4,0.476117117,-0.527776176
2421-41138,521,mi24,MI,2015,10,745327,3768862,M,SY,21.6,58.92,20.1,6.47,5.77,4.74,9.05,74.70353901,-0.444710401,-4.722871432,21.4,-0.539359739,-0.926594664
2421-41139,522,mi24,MI,2015,10,745327,3768862,M,ASY,22.7,61.58,19.11,5.71,5.99,4.65,9.6,80.22371,1.124915324,-1.030523179,21.4,-0.539359739,-0.926594664
2421-41145,528,mi67,MI,2015,10,738423,3769521,F,SY,20.9,61.42,18.98,6.86,5.34,4.99,8.31,67.42038476,0.085066741,-12.622949,21.4,2.077637385,0.0755259
2421-41147,530,mi68,MI,2015,10,738117,3769313,M,SY,22.2,60.8,19.94,7.55,5.66,4.91,9.32,77.37145803,0.567891692,-3.234123408,21.4,2.070932476,-0.555254936
2421-41148,531,mi68,MI,2015,10,738117,3769313,M,SY,21.2,57.41,18.54,4.69,5.86,5.01,9.14,78.03072125,-1.213356773,-0.500603635,21.4,2.070932476,-0.555254936
2421-41150,533,mi27,MI,2015,10,745710,3768537,M,SY,22.2,58.17,19.58,3.5,5.49,4.63,9.05,71.93147619,-0.390982166,-7.557500562,21.4,-1.192099072,-0.633273191
2421-41151,534,mi26,MI,2015,10,745666,3768556,F,SY,19.8,56.45,19.07,4.95,5.37,4.59,8.84,69.15148085,-2.326763778,-8.083286131,21.4,-0.752650467,-0.74569328
2421-41152,535,mi26,MI,2015,10,745666,3768556,M,SY,21.5,59.38,20.47,6.21,5.57,4.44,9.32,73.27230794,-0.331527182,-6.285903898,21.4,-0.752650467,-0.74569328
2421-41153,536,mi28,MI,2015,10,745949,3768399,F,SY,21.4,56.71,18.88,4.58,5.09,4.5,8.77,66.05536275,-1.359513231,-12.30576354,21.4,-1.192099072,-0.633273191
2421-41154,537,mi29,MI,2015,10,746254,3768318,M,SY,22.2,57.23,18.4,3.74,5.58,4.59,8.71,69.57111909,-0.733697537,-9.518767014,21.5,-1.412810987,-0.576810495
2421-41156,538,mi30,MI,2015,10,746539,3768298,M,SY,24.4,60.06,20.57,6.37,5.47,4.64,8.95,71.06636012,1.49772277,-10.62200581,21.5,-1.192099072,-0.633273191
2421-41158,540,mi16,MI,2015,10,746619,3768758,F,ASY,18.7,56.6,18.53,6,5.78,4.73,8.84,72.97008672,-2.871889298,-3.629883823,21.5,-0.933652887,-1.103146914
2421-41159,541,mi17,MI,2015,10,746691,3768790,M,SY,20.4,59.94,20.44,5.97,5.44,4.56,9.08,71.31415324,-0.727170465,-7.783333612,21.5,-0.574098797,-0.531683116
NA,542,mi16,MI,2015,10,746619,3768758,M,SY,19.8,58.39,19.49,4.81,6.06,5.2,9.66,85.42901487,-1.619457587,7.370592722,21.5,-0.933652887,-1.103146914
2421-41161,544,mi19,MI,2015,10,747024,3768856,F,ASY,20,58.52,19.14,6.18,5.79,4.45,9.19,73.91036541,-1.463003664,-4.330246692,21.6,0.239157511,-0.106440355
2421-41162,545,mi20,MI,2015,10,747014,3768909,M,ASY,23.7,63.05,19.99,6.74,5.85,5.03,9.21,78.70066588,2.206149414,-3.812659975,21.6,-0.077829755,-0.731806583
2421-41163,546,mi21,MI,2015,10,747234,3768985,M,ASY,21.5,59.9,19.92,5.59,5.74,4.91,8.78,73.44022606,-0.141939955,-6.338759328,21.6,1.097263006,-1.149152309
null,547,mi40,MI,2015,10,744205,3770096,M,SY,21.6,61.29,20.04,5.93,5.36,4.75,8.9,70.66934134,0.419369843,-9.763287012,21.7,2.433769709,-0.983990549
null,548,mi40,MI,2015,10,744205,3770096,F,SY,19.8,59.01,18.71,6.73,5.89,5.06,9.04,77.7449934,-1.393411278,-0.57665875,21.7,2.433769709,-0.983990549
null,552,mi52,MI,2015,10,741736,3769172,F,ASY,20.6,56.16,19.8,5.76,5.78,4.57,8.65,70.31473407,-1.996266649,-7.304895466,21.2,1.246553335,0.283133589
null,554,mi53,MI,2015,10,741764,3769256,M,SY,19.8,59.28,18.38,4.24,5.68,4.83,9.13,75.36390179,-1.294971757,-3.07238278,21.2,0.647764868,-1.551936876
null,555,mi54,MI,2015,10,741614,3769517,M,ASY,23.8,60.86,19.77,5.79,6.03,5.02,9.01,78.19463385,1.462224076,-3.452393991,21.2,-0.247189413,-0.677334764
null,556,mi54,MI,2015,10,741614,3769517,M,ASY,22.1,62.21,20.11,5.79,5.79,4.86,8.78,73.44022606,1.02743619,-7.700493066,21.2,-0.247189413,-0.677334764
null,558,mi55,MI,2015,10,741473,3769661,M,SY,22.1,63.08,20,7.46,5.92,5.08,9.04,78.09999337,1.344630204,-3.410096888,21.2,0.203060921,-1.279571969
null,560,mi56,MI,2015,10,741362,3769875,M,SY,21.7,60.54,19.73,5.38,5.79,4.79,9.15,76.03204,0.200455286,-4.145663246,21.3,2.260918822,-0.203591246
null,563,mi43,MI,2015,10,743598,3770532,M,SY,20.4,59.64,19.43,5.41,5.79,5.14,8.71,74.77014077,-0.836547711,-4.199976727,21.4,1.435127914,-1.080185426
null,564,mi43,MI,2015,10,743598,3770532,M,ASY,22,60.18,19.68,5.88,5.81,4.57,9.18,74.83933435,0.232788266,-5.376020519,21.4,1.435127914,-1.080185426
null,565,mi44,MI,2015,10,743131,3770885,M,SY,21.7,59.79,19.98,5.25,5.45,4.66,9.31,73.92489527,-0.072987829,-5.934384587,21.6,0.583498395,-0.33579545
null,567,mi45,MI,2015,10,742968,3771158,F,SY,17.9,56.51,18.58,6.7,5.21,4.92,8.4,66.83110052,-3.340930939,-9.22267295,21.4,1.406896479,0.143145501
null,568,mi46,MI,2015,10,742976,3771303,M,SY,21.3,58.54,19.55,4.41,5.24,4.82,8.42,66.52730851,-0.746840588,-12.54727256,21.4,2.101190847,0.259229233
null,569,mi47,MI,2015,10,742864,3771332,F,SY,18.3,56.26,19.09,5.7,5.66,4.98,9.11,76.12895814,-3.21396441,-0.072667333,21.4,1.903519906,0.238889013
null,571,mi48,MI,2015,10,742790,3771466,M,SY,22.3,62.21,19.91,5.3,5.68,4.69,9.07,73.87133112,1.136493307,-7.396384573,21.4,1.940074733,0.040758691
null,573,ro56,RO,2015,10,744460,3769600,F,ASY,21.7,57.23,19.26,6.33,5.83,4.9,9.39,79.13255633,-1.006340329,0.360161642,21.3,-1.261575026,-0.860657222
null,574,ro55,RO,2015,10,759231,3765464,M,SY,21.5,61.47,20.44,4.9,6,5.05,9.42,81.75288023,0.430467633,1.307328547,21.8,-1.261575026,-0.860657222
null,577,ro57,RO,2015,10,759664,3765241,F,ASY,20,59.16,20.17,3.35,5.56,4.66,8.83,70.8763723,-1.229665539,-7.635961094,21.8,-0.539359739,-0.926594664
null,578,ro57,RO,2015,10,759664,3765241,M,ASY,22.4,62.8,20.45,6.39,6,5.25,9.31,82.26064014,1.406130449,0.678933097,21.8,-0.539359739,-0.926594664
null,579,ro58,RO,2015,10,759775,3764977,M,SY,21.6,59.41,19.83,5.13,5.67,4.92,8.6,71.52935233,-0.266060899,-8.105094726,21.8,-1.261575026,-0.860657222
null,581,ro60,RO,2015,10,760322,3764969,M,ASY,21.8,61.03,20.17,4.75,6.16,4.81,9.48,81.67795324,0.433633347,1.228715096,21.9,-0.509966906,-0.321789373
null,582,ro61,RO,2015,10,760488,3764187,F,SY,24.4,58.46,19.49,5.38,5.82,4.97,9.43,79.91402751,0.914377457,-1.095035185,21.9,-1.261575026,-0.860657222
null,584,ro109,RO,2015,10,769821,3761757,F,SY,19.3,58.43,19.38,5.05,5.7,5.42,8.36,73.01312654,-1.877516746,-4.744786772,21.9,-1.261575026,-0.860657222
null,585,ro110,RO,2015,10,769764,3761765,M,SY,21.9,59.22,20.17,4.86,5.9,4.87,8.72,73.76019728,-0.17174748,-5.984077368,21.9,-0.635868659,-0.775568494
null,586,ro110,RO,2015,10,769764,3761765,F,SY,19.6,58.09,19.92,5.68,5.66,4.96,8.65,72.14903148,-1.83789195,-5.655024746,21.9,-0.635868659,-0.775568494
null,590,ro33,RO,2015,10,770086,3761901,M,ASY,21.9,61.93,20.27,6.7,5.9,5.37,8.93,79.0433351,0.816293644,-1.851509395,21.9,-0.909332391,-0.586790545
null,591,ro34,RO,2015,10,770248,3761924,M,ASY,24.6,61.17,20.39,5.4,6.3,5.21,9.81,88.68174136,2.011475697,6.395112252,21.9,-0.800045042,-0.665869141
null,592,ro34,RO,2015,10,770248,3761924,M,SY,21,62.21,19.75,7.4,5.85,5.06,9.76,83.63045308,0.427622048,3.188215069,21.9,-0.800045042,-0.665869141
null,593,ro112,RO,2015,10,770378,3763145,F,ASY,22.1,58.24,19.34,6.24,6.16,4.95,9.24,80.62614802,-0.419989367,1.170950035,22,-1.261575026,-0.860657222
null,594,ro112,RO,2015,10,770378,3763145,M,SY,22.1,60.36,20.02,5.66,5.68,5.25,8.81,75.62858097,0.352943172,-4.726693796,22,-1.261575026,-0.860657222
null,596,ro79,RO,2015,10,761321,3765560,F,SY,18.7,58.43,19.09,5.19,5.55,5.24,9.15,77.54118257,-2.204688097,0.164258957,21.9,-0.864176933,-0.875762884
null,598,ro79,RO,2015,10,761321,3765560,M,ASY,21,61.58,19.41,7.38,5.91,4.7,9.05,75.41432435,0.197929831,-4.760438013,21.9,-0.864176933,-0.875762884
null,600,ro81,RO,2015,10,760979,3765958,M,SY,22.1,56.88,20.41,3.99,5.85,5.1,8.8,75.68096702,-0.915832882,-3.196823219,21.9,-0.272824295,-0.991518934
null,602,ro81,RO,2015,10,760979,3765958,M,SY,19.6,58.7,18.48,5.83,5.51,4.77,9.14,73.79538311,-1.615491549,-4.267657472,21.9,-0.272824295,-0.991518934
null,603,ro82,RO,2015,10,760926,3765980,M,SY,21.3,59.63,20.48,5.85,6.05,5.23,9.6,85.04919632,-0.349436594,5.511839919,21.9,-0.208692404,-0.781625191
null,604,ro82,RO,2015,10,760926,3765980,M,SY,22.8,60.85,20.02,6.07,5.6,4.66,9.19,74.05472159,0.913292583,-6.953077773,21.9,-0.208692404,-0.781625191
null,605,ro83,RO,2015,10,760492,3766221,M,SY,23.8,59.62,20.55,5.85,6,4.73,8.78,73.99188973,1.010131458,-7.128678107,22,-0.491459085,-0.828107837
null,606,ro113,RO,2015,10,767441,3755492,M,SY,23.4,61.97,20.1,6.77,5.68,4.78,8.76,71.96571955,1.648805652,-9.898581774,21.9,0.021306305,-0.632003831
null,608,ro114,RO,2015,10,768111,3756137,M,ASY,20.9,59.89,20.04,5.84,5.66,5.22,9.01,76.99163948,-0.472757214,-2.402110563,21.8,-0.537784817,0.092317645
null,611,ro115,RO,2015,10,768118,3755865,F,SY,20,57.64,19.28,6.03,5.75,4.99,8.59,72.4581642,-1.783843585,-5.408831125,21.8,-0.581410252,-0.829280237
null,612,ro115,RO,2015,10,768118,3755865,M,SY,23.6,58.98,18.81,3.16,5.98,4.8,9.12,77.21532088,0.667736217,-3.506529098,21.8,-0.581410252,-0.829280237
null,616,ro62,RO,2015,10,766728,3762211,M,SY,23.5,63,21.47,6.18,6.01,5.01,9.64,83.43504601,2.078862756,1.069944948,21.8,-1.192099072,-0.633273191
null,617,ro63,RO,2015,10,766423,3762324,M,SY,22,59.96,20.01,4.68,5.58,4.98,8.67,71.90728593,0.152578286,-8.214664745,21.8,-0.978808344,-0.814174575
null,618,ro63,RO,2015,10,766423,3762324,M,ASY,22.4,60.43,20.24,5.79,5.95,5.59,9.34,84.65304148,0.542050205,4.077552348,21.8,-0.978808344,-0.814174575
null,619,ro64,RO,2015,10,765797,3762768,M,ASY,21.4,59.53,20.44,4.17,5.72,5.2,9.92,85.07935561,-0.331367117,5.520957378,21.9,-0.581410252,-0.829280237
null,621,ro66,RO,2015,10,765996,3762644,M,ASY,22.7,62.25,20.83,5.71,5.87,4.73,9.14,76.09251566,1.369191173,-5.446175747,21.9,-0.650886205,-1.056664267
null,622,ro67,RO,2015,10,765828,3762916,M,ASY,23.9,64.06,20.35,5.03,6.51,5.1,9.14,83.34284027,2.683443259,0.273707684,21.9,0.246717599,-0.843466596
null,624,ro68,RO,2015,10,765361,3763078,M,ASY,22.5,60.65,20.05,4.43,6.02,5.15,9.31,81.67567559,0.676788744,0.94328398,21.9,-0.643574751,-0.759067146
null,628,ro88,RO,2015,10,761687,3763481,M,SY,24.3,61.04,19.71,5.96,5.91,5.51,9.25,82.96553499,1.800493215,0.924594119,21.8,-0.51727836,-0.619386494
null,632,ro52,RO,2015,10,761476,3763706,M,ASY,22.2,62.32,20.59,5.05,5.74,5.09,8.87,75.44699691,1.122069739,-5.803922597,21.8,-0.800045042,-0.665869141
null,633,ro53,RO,2015,10,761460,3763965,M,ASY,22.2,58.32,20.5,4.75,6.07,4.57,9.51,79.47161272,-0.336293543,-0.08104871,21.8,0.206634479,-0.466045335
null,634,ro54,RO,2015,10,761458,3764145,F,SY,19.4,58.33,19.67,6.54,5.61,4.74,8.75,71.12762117,-1.85944727,-6.651333974,21.8,-0.864176933,-0.875762884
null,635,ro54,RO,2015,10,761458,3764145,M,ASY,23.2,61.81,19.88,6.08,5.65,4.58,8.77,70.46364557,1.481414004,-11.20572886,21.8,-0.864176933,-0.875762884
null,642,ro86,RO,2015,10,763148,3763904,M,ASY,23,62.04,20.33,6.06,5.77,5.54,9.03,80.21216465,1.456212776,-1.427863058,21.8,0.44377709,-1.135774896
null,643,ro37,RO,2015,10,771665,3757206,M,SY,23,60.5,20.74,5.84,6.1,5.26,9.75,86.99070058,0.894742913,6.004502232,21.9,-0.599839583,-0.010627698
null,644,ro37,RO,2015,10,771665,3757206,M,ASY,20.7,62.05,19.45,5.06,5.63,4.92,8.58,71.09345635,0.205701841,-9.090356488,21.9,-0.599839583,-0.010627698
null,645,ro38,RO,2015,10,771638,3756818,F,ASY,20.7,56.52,18.71,6.05,5.42,5.11,8.59,71.04138445,-1.810485395,-6.794586596,21.9,-0.599839583,-0.010627698
null,656,ro145,RO,2015,10,773536,3763129,M,SY,20.9,59.44,19.03,5.37,5.85,4.93,9.55,80.85595552,-0.636823083,1.653259511,22.1,-0.864176933,-0.875762884
null,658,ro147,RO,2015,10,773961,3763289,M,SY,21.6,58.81,19.46,3.73,6.16,4.86,9.78,84.6467583,-0.484815391,5.267049955,22.1,0.396623019,-0.954317663
null,660,ro148,RO,2015,10,774079,3763495,M,SY,22.8,61.5,20.05,7.09,6.22,5.15,9.5,84.83478262,1.150276616,3.551016319,22.2,0.211779768,-1.392911362
null,663,ro1,RO,2015,10,764123,3764557,F,SY,20.3,55.67,18.2,5.66,5.72,4.6,8.8,71.32671961,-2.338501826,-5.894378462,22,-0.933652887,-1.103146914
null,664,ro2,RO,2015,10,764096,3764557,M,ASY,22.8,59.84,20.25,6.06,6.26,4.92,9.65,84.73425165,0.545055855,4.155262451,22,-0.650886205,-1.056664267
null,667,ro3,RO,2015,10,763951,3763848,F,SY,21.7,56.92,18.34,5.28,5.5,4.98,9.17,75.47802014,-1.119363483,-3.162759547,21.9,-0.802122167,-0.772817541
null,672,ro116,RO,2015,10,771666,3760965,M,SY,21.4,61.94,18.97,5.91,6.37,4.99,8.98,80.12066576,0.54729676,-0.460932963,22,-0.272824295,-0.991518934
null,673,ro117,RO,2015,10,771481,3760878,F,SY,21.4,57.17,19.66,5.69,5.71,5.14,9.17,78.14279757,-1.191801453,-0.413628397,22,1.28704729,-1.162092552
null,674,ro117,RO,2015,10,771481,3760878,M,ASY,22.4,61.35,19.88,6.08,6.03,4.74,9,76.12864398,0.87747376,-4.83744451,22,1.28704729,-1.162092552
null,677,ro118,RO,2015,10,772011,3759421,M,ASY,22,61.07,20.78,5.8,6.1,5.23,9.91,88.18474141,0.557274096,7.591524119,22,0.375047719,-1.083214867
null,678,ro143,RO,2015,10,766563,3757490,M,SY,22.7,60.7,20.53,5.41,6.05,4.93,9.81,84.59822069,0.804075402,3.717604288,21.6,-0.254895505,-0.660833416
null,679,ro143,RO,2015,10,766563,3757490,M,ASY,21.9,61.42,20.18,5.87,5.86,4.96,9.18,78.01171461,0.630352325,-2.66660198,21.6,-0.254895505,-0.660833416
null,681,ro142,RO,2015,10,767643,3757759,M,ASY,24.8,62.72,20.45,5.58,6.2,5.1,9.54,84.66749281,2.685648585,1.595792131,21.8,-0.013631527,-1.181448597
null,682,ro142,RO,2015,10,767643,3757759,F,SY,20.6,58.51,19,7.21,5.47,4.83,8.79,71.10759352,-1.139478221,-7.509762636,21.8,-0.013631527,-1.181448597
null,684,cz220,CZ,2015,11,264027,3768973,M,ASY,21.4,59.39,19.84,5.22,5.98,4.89,8.8,75.12804672,-0.382409832,-4.370912479,23.9,-0.644995041,0.278344641
null,685,cz221,CZ,2015,11,264238,3768886,M,ASY,21.6,61.25,19.76,6.02,6.09,4.92,8.79,76.00918492,0.40478621,-4.406460852,23.9,-0.644995041,0.278344641
null,687,cz222,CZ,2015,11,263051,3769199,F,SY,18,55.65,18.56,6.24,6.08,5.19,9.01,79.75145009,-3.599950486,3.999303823,23.9,-0.927761722,0.231861995